epoch,stage,train_loss,train_l1,train_ssim,train_ce,train_balance,val_l1,val_ssim,val_psnr,val_ce,val_route_acc,val_entropy,val_objective,collapsed,epoch_time_s,val_usage_clean,val_usage_salt_pepper,val_usage_blur,val_usage_occlusion,val_w_clean_to_clean,val_w_clean_to_salt_pepper,val_w_clean_to_blur,val_w_clean_to_occlusion,val_w_salt_pepper_to_clean,val_w_salt_pepper_to_salt_pepper,val_w_salt_pepper_to_blur,val_w_salt_pepper_to_occlusion,val_w_blur_to_clean,val_w_blur_to_salt_pepper,val_w_blur_to_blur,val_w_blur_to_occlusion,val_w_occlusion_to_clean,val_w_occlusion_to_salt_pepper,val_w_occlusion_to_blur,val_w_occlusion_to_occlusion,val_loss
1.0,warmup,0.09225966805673164,0.03329076289968646,0.8517164885997772,0.15130865946412086,0.04227948836658312,0.032703503196978054,0.8533593273681143,32.57525410859481,0.1471100726529308,0.9548233695652174,0.3728347569704056,0.0896720879144319,0.0,21.882253200004925,0.36741955746370164,0.2530135182004533,0.1535041208142344,0.226062805297577,0.9594457045845364,0.006923532143802098,0.017822707274361797,0.01580806234446557,0.016631794445540592,0.97897927398267,0.0012661544568128074,0.003122774790466318,0.34995625006115955,0.023213826281868893,0.5935468796802603,0.0332830462442792,0.14364448076357011,0.002937440393472333,0.0013807418455025586,0.8520373378110968,0.09109411319332186
2.0,warmup,0.0897741221377383,0.032656979544655136,0.8568413387174192,0.18855384368773387,0.056562947190326195,0.03271314797356077,0.8560647977435071,32.278833803923234,0.17195326818720155,0.9398777173913043,0.40103808434113214,0.08832417511502685,0.0,5.884334700007457,0.3844291254746444,0.249868890426233,0.15259984218573663,0.21310214297567576,0.9507077323353809,0.006316717035825486,0.02388007793089618,0.019095463475779346,0.02203570271882674,0.9723653922910276,0.0014560696967553508,0.004142839426134267,0.3640779917654784,0.01833735100682015,0.5835653666568839,0.03401929318257,0.20089507507889168,0.002456101371258821,0.0014978544584111028,0.7951509758182194,0.09000681577775628
3.0,warmup,0.08943614371768806,0.032558003440499306,0.8575636219719182,0.1954169926112113,0.060714837001717606,0.03304478493721589,0.8575186405492865,32.11719396839971,0.21474990540224573,0.9167798913043478,0.4005756501270377,0.08776307219396469,0.0,5.9537296000053175,0.4026418447952576,0.25195314651975187,0.1525434638473519,0.19286154225625543,0.9520404222218887,0.0062045794607990465,0.024485002454046324,0.01726999616695811,0.01088285600543832,0.9855379527029784,0.0011066078871448078,0.002472578127787489,0.3764686448418576,0.013355076434495657,0.5829513837461886,0.02722489384367414,0.27117545611184574,0.002714977480734334,0.0016308613020278838,0.7244787008866019,0.08989197110162626
4.0,joint,0.08527451721222504,0.029433954061697357,0.8634822478760844,0.22960215321053629,0.0712965260381284,0.028531184824912445,0.8646467859330385,32.95253256092901,0.22746821185169014,0.9086277173913043,0.41028432159320166,0.081942199445937,0.0,14.769113399990601,0.4095572839546746,0.24872491345487777,0.14501657079286498,0.19670123386363822,0.9536105679429095,0.005534365540370345,0.02334827123938695,0.017506794771179557,0.020926270380859143,0.9736906665822734,0.0013772446115541718,0.004005819837481756,0.40325052906637604,0.013873326268209063,0.5541587530270867,0.02871738985666762,0.2604417684285537,0.0018012954286583092,0.0011820142934321548,0.736574930989224,0.0842056603687115
5.0,joint,0.0840795662092126,0.028808032405441223,0.8656204640865326,0.24733250466701778,0.07943813826726831,0.02840289829865746,0.8651929899402286,32.81419451340385,0.23095391868897105,0.9065896739130435,0.41827491768028424,0.08160495417921441,0.0,15.524433200000203,0.4127973132139153,0.24839298456525127,0.1420209478531868,0.19678875065595924,0.9512907771960549,0.0055636907016615505,0.02338319678750375,0.019762327206199585,0.02167908632722886,0.9725931364557018,0.0013618575138262595,0.00436591031535974,0.4146781181511672,0.013763017345057882,0.5421892812718516,0.029369587726567104,0.26354127118121023,0.0016520937585838787,0.0011494558395655906,0.7336571773757106,0.08390501607050814
6.0,joint,0.08418863533955553,0.02880944022098961,0.8655171206463939,0.2527641806265582,0.08137391831563867,0.028404289127691933,0.8653921018476072,32.40068414936895,0.21892158346979515,0.9157608695652174,0.429574107994204,0.08150609364004238,0.0,16.328710899993894,0.40954932345472195,0.24998005039094057,0.14586041764825652,0.19461021091125946,0.9425410291422969,0.006580488047684016,0.02705316026897534,0.02382532891857883,0.017614489411125363,0.9774284868136697,0.0011655989497819025,0.003791419652533596,0.4008307593024295,0.014001612774217907,0.5537681573111078,0.03139947933833236,0.2772110159630361,0.001909613928190716,0.00145475406316109,0.719424615735593,0.08368134436684725
7.0,joint,0.08432124304058759,0.028837903989883867,0.8653313984041628,0.25516459937004937,0.08526760210161624,0.028322411417637184,0.8664860595827517,32.333856416785196,0.23597902853203856,0.9082880434782609,0.4431252557298411,0.08091817591744274,0.0,16.62666629999876,0.4188891871650096,0.24925756036195115,0.14354430139539306,0.18830895145378157,0.942605329596478,0.006835267210946135,0.025966369627934437,0.024593051502724058,0.020904836325865726,0.973371129968892,0.0012055386019789655,0.0045184825253470435,0.4080664223950842,0.014848463702946901,0.5455019441635712,0.03158316878682893,0.3039801603426104,0.0019753805650195673,0.0015033531880876778,0.6925411030002262,0.08327157180085366
8.0,joint,0.08345642013718253,0.028606098570415506,0.866966584454412,0.26162252445583756,0.08674969232600668,0.028290939476826916,0.8661752395007921,32.01719362839408,0.21562220933644669,0.9191576086956522,0.4554837689451549,0.0810578499880174,0.0,16.345015500002773,0.4123793745605761,0.24928335943727492,0.14674643583946265,0.1915908289501322,0.9334772954816404,0.0074701303433950825,0.028435518418479223,0.030617045765013798,0.021712224748309538,0.9722361810829329,0.0011197197397806399,0.004931873591292811,0.39427143464917724,0.015459409145557362,0.5558017459900483,0.0344674085955257,0.3000565433631773,0.001967717177214344,0.0016287592095424138,0.6963469878486965,0.08319944959556935
9.0,joint,0.08381506128479606,0.028755378565224615,0.8663640320301056,0.259998079713272,0.08687556956125342,0.028245120471262413,0.8673421844192173,32.0234664834064,0.2467873009002727,0.8994565217391305,0.4662084100039109,0.08045146802602256,0.0,16.423091699994984,0.4254872258297046,0.24882407920275632,0.14191175150747015,0.18377694274987216,0.9355838532033174,0.007456217659637332,0.02657847979065517,0.030381445529992165,0.02390665348376269,0.9695986211299896,0.0011538457095056124,0.00534088763853778,0.40958305739838147,0.01615318583081598,0.5382853590923807,0.0359783990956519,0.332875339233357,0.00208829219058237,0.001629321437339177,0.6634070387353068,0.0829178719683068
10.0,joint,0.08211494876962641,0.028241671399091898,0.8696794088767923,0.28030262401570444,0.09161693894344827,0.028227524710414204,0.8674010660337366,31.95709344615107,0.2414354830980301,0.9031929347826086,0.46926540719426196,0.08041322933833882,0.0,16.365965000004508,0.42406304518226534,0.24917519341334296,0.14269762253309676,0.18406413922481157,0.9332050383090973,0.007472308281728107,0.026415496457206165,0.03290716923125412,0.023097393528112898,0.9709690316863682,0.0010610584469522228,0.004872514815677119,0.40415800071280933,0.016249769266046907,0.5417660863503165,0.03782614207138186,0.33579174817904184,0.0020096644192286158,0.0015478488779120632,0.6606507307809332,0.08282407432997822
11.0,joint,0.08390510333297045,0.02874869500975246,0.8663092624881993,0.2663400122976821,0.08780583868856015,0.02813287634078575,0.8674473166465759,31.890885892121688,0.24542252136313397,0.9028532608695652,0.4767262190580368,0.08034277984710492,0.0,16.359500999999,0.4248694035113263,0.24902605648980092,0.140598990569782,0.185505551059538,0.9309322523034137,0.007986947418312016,0.02677505712389298,0.034305745533303074,0.024704137675302183,0.9685237809367802,0.0010352826515293639,0.005736806900645403,0.41003377735614777,0.017611241514754038,0.5329935673786246,0.03936140085368053,0.33380744671044144,0.0019822560893574164,0.0015920551250810208,0.6626182509505231,0.08279499912478372
12.0,joint,0.0837569208410771,0.028926181829655947,0.8666774967442388,0.26122093249274336,0.08706414569979129,0.028183250202108986,0.8675017758556034,31.82803493997325,0.23966475025467252,0.9052309782608695,0.47726315972597705,0.0803407371732528,0.0,16.381042900000466,0.422285874328657,0.24936914281810776,0.14255959493438358,0.18578538573195186,0.9302848616371984,0.008032819094217342,0.025441134328265554,0.03624119014357743,0.024043792595519968,0.9691877935243689,0.0009224122445827917,0.005845991418818417,0.39859615914199664,0.018403440308959587,0.5423651868882386,0.04063521212209826,0.33621868393991305,0.0018525183448851433,0.0015096462764473551,0.6604191492433134,0.08273323949659916
13.0,joint,0.08263605946431989,0.02841633977368474,0.8685274266678354,0.2667641061479631,0.08808218784954237,0.028163008310872574,0.8680392827676691,31.828715200009555,0.2579720982390901,0.8953804347826086,0.4766911708790323,0.08006186277160175,0.0,17.00926010000694,0.42797630482211546,0.250554142654595,0.13971290186980143,0.18175664634327404,0.931288938159528,0.008221597572707611,0.024336905157922403,0.03615254900701668,0.020552441781467718,0.9735451275887697,0.0008963829908600968,0.005006031543218895,0.4084917365208916,0.01834020200792862,0.532065560636313,0.04110250662526359,0.3515721028265746,0.002109643448974289,0.0015527586941101142,0.644765498197597,0.08264503354393087
14.0,joint,0.08293703044562237,0.028539017571703247,0.8681451347859009,0.2714393590779408,0.08893722684487053,0.028054344994218453,0.8678858513417451,31.756684469140094,0.24981513263090796,0.9021739130434783,0.48913492262363434,0.08008424682623666,0.0,17.67916709999554,0.42689345852451643,0.24756484952408558,0.1391191506146519,0.1864225442632628,0.9273168975892274,0.007957016219101522,0.025575117349786604,0.03915097204077503,0.02979527683118763,0.9618162771929866,0.0010613458276645322,0.007327095423217701,0.4101962317591128,0.018810905232701614,0.5283553146797678,0.04263755905887355,0.3402654279185378,0.001675199451552623,0.0014848246013887388,0.6565745505301849,0.08258243446683079
15.0,joint,0.08338956923588463,0.02870847902301213,0.8675219209297843,0.2768509859300178,0.09111570793649425,0.028231255669632683,0.8676561065342115,31.546384769937266,0.2349923483055571,0.9099864130434783,0.48408535511597345,0.08028757456771057,0.0,17.681717400002526,0.4202114688080695,0.2510989498291367,0.14408138512542634,0.1846081940368648,0.9218801480272542,0.00891330974864895,0.027701652203888996,0.04150489482866681,0.019223307563072962,0.9749280045861783,0.0008469083303403434,0.005001769649148311,0.39403549160646356,0.018333769808320896,0.546062941784444,0.04156778785197631,0.3457069280354873,0.002220715173398671,0.0017140381830319277,0.6503583238176678,0.0826317262189837
16.0,joint,0.08326211652677992,0.028611019537176773,0.8674645326707674,0.2665517464604067,0.08961450146592181,0.028169159291555054,0.8679180469201959,31.565889814625617,0.23679834377506506,0.9110054347826086,0.4891564871953881,0.08012555618567957,0.0,18.116961599997012,0.42235021722381527,0.24924441297353833,0.14207698257419193,0.18632838188837605,0.9228387967399929,0.00841526906815884,0.02589778051428173,0.04284815158209075,0.024501268306504124,0.9681552946567535,0.0009016885337389439,0.006441739028441193,0.39917813954146014,0.01859216817209254,0.5400257972271546,0.042203890645633575,0.3428826643073041,0.0018149199971483777,0.0014826640215925063,0.6538197462973387,0.082488655775227
17.0,joint,0.08210169337689877,0.0281002943849434,0.869425215150999,0.2736564584724281,0.09026618884957355,0.028124963014346104,0.8683421676573546,31.62177438321321,0.2552060896287794,0.9025135869565217,0.4878173282612925,0.07989139767849575,0.0,16.698234700001194,0.428642904552955,0.2503103005754225,0.139320564012767,0.18172623167249738,0.9247509111528811,0.00835644420357826,0.02510508463677505,0.04178755588667548,0.021508623420706263,0.9720248411531034,0.000785951273586682,0.005680591343780575,0.40936310913251794,0.018835666791900345,0.5298671735369641,0.04193404697529648,0.3589489745057147,0.0020242501531079734,0.001524046603742096,0.6375027324842371,0.08244608065154364
18.0,joint,0.08236089842798917,0.028357560037756743,0.8690365630647411,0.2675231001947237,0.09072245463081029,0.028096578326886116,0.8684741232706152,31.45885873877484,0.2571677620644155,0.8980978260869565,0.4994233231181684,0.07981122752813544,0.0,16.60079609999957,0.4299837417961301,0.24944491099576344,0.14093220743139365,0.17963913954293315,0.9196446214033209,0.008747039555126557,0.02719328641567541,0.04441505877058143,0.025016439633200997,0.9677676532579504,0.0008652090036775917,0.00635068999785606,0.403535848726397,0.01917963750336481,0.5338832664748897,0.043401247781255974,0.3717380574216013,0.00208531366661191,0.001787067831331945,0.6243895616220392,0.08238638593126732
