type,level,Identity,Salt expert,Blur expert,Occlusion expert
clean,none,0.9218651961487494,0.008539126129984921,0.02489948477677272,0.044696192582015785
salt_pepper,low,0.08119878684061141,0.9007339581185188,0.0012605215632572463,0.016806733107885243
salt_pepper,medium,0.013022831989812435,0.9819733708422721,0.0008110958387953217,0.004192700495124617
salt_pepper,high,0.010556425026263336,0.9855380637927093,0.0008461546281042848,0.0030593554401804756
blur,low,0.5562194725673704,0.018673406273195647,0.376307075111661,0.0488000464148192
blur,medium,0.3299388678611933,0.01914695682931609,0.6107346664806516,0.04017950803331846
blur,high,0.2950466523527222,0.019590322166868113,0.6442233795169655,0.041139647018892396
occlusion,low,0.5258822817589939,0.0023188286330972276,0.002895232837291005,0.4689036560955344
occlusion,medium,0.3889649581071726,0.002032294970401861,0.0016984009082107628,0.6073043451228951
occlusion,high,0.2591358249000322,0.0019193654412870253,0.0012349617396304666,0.7377098482289994
