type,level,Task 3 soft MoE_ssim,Task 1 universal_ssim,Task 2 oracle_ssim,Task 2 predicted_ssim,Task 3 soft MoE_psnr,Task 1 universal_psnr,Task 2 oracle_psnr,Task 2 predicted_psnr
clean,none,0.9983615259378215,0.8310082376604347,1.0,0.9986773449902184,49.51007440233789,26.70252297885673,100.0,99.36838554159826
salt_pepper,low,0.8488974668051054,0.8299804769962027,0.8269464524509017,0.8269464524509017,26.692132590089322,26.70469353354312,25.308428993079534,25.308428993079534
salt_pepper,medium,0.8372675716210919,0.826108510372716,0.824233789166497,0.824233789166497,26.13408586003534,26.642736954271843,25.294169563985903,25.294169563985903
salt_pepper,high,0.8294838020995841,0.8177428597908769,0.8185070609893679,0.8185070609893679,25.96084598963382,26.4586531004096,25.236290709203647,25.236290709203647
blur,low,0.9128606848542584,0.8271490653225952,0.8254453495010818,0.8294157801547796,29.92703471283849,26.87954028980321,25.585030287739755,25.74189715516701
blur,medium,0.8429360532182282,0.8196280141898935,0.8187473543286811,0.8187473249893548,27.375687304684174,26.723873643726964,25.7548392907447,25.754838961676377
blur,high,0.7612898097063612,0.745873559216577,0.7463119368473234,0.7463119510052542,25.6474707741996,25.26773892140382,24.61838697561876,24.61838709310603
occlusion,low,0.8762751817540793,0.781345718983702,0.7741943435744975,0.7765363874683006,23.112362024146616,23.703733102928947,22.70018544902786,22.75601408000082
occlusion,medium,0.7925596205503943,0.7315368048499474,0.7282519405659488,0.7283371101042398,21.688494020796302,21.806148125125265,21.322317965838398,21.31989673464784
occlusion,high,0.683949146812701,0.6531359177660506,0.6555876513289703,0.6555876571367274,19.586323827253306,19.61176193192597,19.53512248384689,19.535122516337843
