epoch,train_loss,train_l1,train_ssim,val_l1,val_ssim,val_psnr,val_objective,val_loss,lr,epoch_time_s
1.0,0.24612195619746394,0.08874142991945795,0.5759888775646687,0.07241118002844893,0.6453114164912183,20.559906503428582,0.21354988176861533,0.20491634913649215,0.0019113594798478158,25.285494899988407
2.0,0.1902150472869044,0.06714734173906238,0.6706799939274788,0.09137838269057481,0.6516675132772197,19.251917382945184,0.21985543470667754,0.2119964222077384,0.0019091714900729814,8.717318299983162
3.0,0.16407580406445524,0.06304616357564279,0.7217291353837304,0.05986592764763728,0.7386773785819178,22.090223146521527,0.1605942745328597,0.15443266571053693,0.0019055285892206292,10.040481999982148
4.0,0.14558114265294178,0.05766653789855216,0.7550478862679523,0.052597225522217544,0.7673089258048845,23.29565027485723,0.14264414985866652,0.13713592957538603,0.0019004363943798304,10.058983499999158
5.0,0.13678521059615456,0.055889590319408024,0.7717774627001389,0.0922756846184316,0.7245730576307877,19.830491024514902,0.18385131349382194,0.1782495815063873,0.0018939027573459403,9.881830900005298
6.0,0.13338906151930924,0.05530525529352219,0.7783518401177033,0.07327374427214912,0.7545681829037874,20.985123841658883,0.15935278068418088,0.15408727830501665,0.0018859377525136975,10.039891399996122
7.0,0.12820739898344743,0.05374212322108771,0.7876235732565755,0.04590370101125344,0.7971639607263648,24.261263225389563,0.12436987014244434,0.11957005107538939,0.0018765536613432384,10.53799219999928
8.0,0.12617449527201446,0.053775269295210426,0.7919917582817699,0.05193728856418444,0.7999042117077372,23.283777775971785,0.12601653842822363,0.12148506964482914,0.0018657649534229753,10.049124300014228
9.0,0.12141838046195715,0.052445458511457495,0.8006206679603328,0.0655433566350004,0.7837878996911256,21.833614639613938,0.14087772847193739,0.13626948318162663,0.0018535882641585399,10.1968126000138
10.0,0.12064010710657938,0.05357281837369437,0.803552903558897,0.04422363841339298,0.8143531731937242,24.558638199515965,0.11493523260983438,0.11060976519064036,0.0018400423691221938,10.239425300009316
11.0,0.11597949574175088,0.05073205290524208,0.810270508022412,0.047608206615499825,0.8110309178414552,24.123242502627164,0.11828864438702232,0.11396508282361359,0.0018251481551022576,10.630566000007093
12.0,0.11554291585217351,0.051076069130035845,0.8115894042927286,0.04821662329461263,0.8076107696346615,24.006520063980766,0.12030292682997556,0.1158933676783869,0.0018089285878971953,10.655184300005203
13.0,0.11434737236603447,0.050304493725137865,0.8132641652356023,0.05865365938971872,0.7974075934161311,22.5739282110463,0.1306230329867938,0.12622062650435564,0.00179140867690402,10.05543989999569
14.0,0.11381566050745871,0.0501091668949179,0.8141760968643686,0.04187110471336738,0.8239496661269147,25.023040232451066,0.10896071929322636,0.10485681037518832,0.0017726154365556139,11.018438400002196
15.0,0.11237477531413669,0.049590029085621885,0.816658844118533,0.04226949620668007,0.8247397205103999,25.077346552973207,0.10876488784814009,0.1046973278766785,0.0017525778446664338,10.451298900006805
16.0,0.10974732385543377,0.04804864068232153,0.8205138875738435,0.05503748713628105,0.8013451799102451,23.488020606662918,0.12684615361301796,0.12245357767422622,0.0017313267977508186,10.33894610000425
17.0,0.10882207350400479,0.04743660022707089,0.8217931613326073,0.06285521266577036,0.8135851595712744,21.846283539481785,0.12463502654724798,0.12085592108166013,0.0017088950633828057,10.771672700007912
18.0,0.10923521301668623,0.04696645004593808,0.8203816290782846,0.042301213895173176,0.8257491964360942,24.952031716056492,0.10827600872953946,0.1042402939533844,0.0016853172296709064,10.994099599978654
19.0,0.1081253835607482,0.046739621796523745,0.8224895262847776,0.04545065250409686,0.815739499486011,24.58979366136634,0.11485557650904293,0.11061003882987493,0.0016606296519257485,10.588879999995697
20.0,0.10651995602023343,0.04621612211770337,0.8253178703396217,0.045790935988011566,0.8302438868128735,24.45929531429125,0.10777352458756902,0.10398201528005882,0.0016348703966028238,10.035624100011773
21.0,0.10653571428164192,0.04633841112903927,0.8254225244340689,0.04154617756443179,0.8272947021152662,24.980889361837637,0.10712573772458278,0.10311419967256581,0.0016080791826067725,11.138362500001676
22.0,0.10676582218350275,0.04623722185826172,0.8248179473954699,0.04281783298305843,0.8300991187924924,24.83494986658511,0.106359357095283,0.10247248683819594,0.0015802973200477104,10.77848200002336
23.0,0.10444829208047493,0.04485463749860292,0.8281922586586165,0.040941899115948574,0.8307947658974192,25.192382149074387,0.1050735666092647,0.10115059695438337,0.0015515676465440336,9.998996700014686
24.0,0.10466655185851066,0.04491669071190383,0.8277974365198094,0.04444634849610536,0.822588702906733,24.66203847138778,0.11092882279468616,0.10686205298424982,0.001521934461169917,10.239058300008764
25.0,0.10377673735923093,0.04431709857738536,0.8290152922272682,0.0534482038701358,0.8140923108743585,23.43340944207233,0.11967794649788864,0.11562663642387018,0.0014914434561493514,9.830449200002477
26.0,0.10270630673545858,0.04415366407888739,0.8311109128205673,0.041357162165577,0.8304725237514662,25.18958958335545,0.10544231920705541,0.10152219462229818,0.0014601416464020461,9.744159399997443
27.0,0.10202513663503139,0.043035616531320244,0.8312982748384061,0.04430416930952798,0.8263339387333911,24.72098101740298,0.10898511528806842,0.10502854596372835,0.0014280772970498314,9.713646799995331
28.0,0.10221455072093269,0.04347877799654785,0.8313956756306731,0.05032088453678981,0.8163540518802145,23.733921672986902,0.11698341632828767,0.1129056323011865,0.0013952998489953374,9.76855209999485
29.0,0.10222740426821553,0.04360017305968896,0.8315055069068203,0.042616726911586265,0.828403107498003,24.939933693927266,0.10710680970679161,0.10316191558918984,0.0013618598426877078,9.726066100003663
30.0,0.1012974551514439,0.04245120305163057,0.8321878948937291,0.04492353324009025,0.8279177961142167,24.59081052697223,0.10850286856293678,0.10461368537313362,0.0013278088401928888,9.723687000019709
31.0,0.1007362962902888,0.042730445872344404,0.8336989698202714,0.04249137542817904,0.8366846792075945,25.06054629450259,0.10290334811029228,0.09920791424919471,0.0012931993456886614,9.75749519999954
32.0,0.10070705284243045,0.04259906310345168,0.8336127636873204,0.046442492419610855,0.8323653482872507,24.347230952718984,0.10703857206618006,0.10333187627999865,0.0012580847245070052,9.708326699997997
33.0,0.09823197138536235,0.04124350457087807,0.8373532557617063,0.03813329776344092,0.8383683627066405,25.7569754641989,0.09988246752840022,0.09610523658040876,0.0012225191208486235,10.431905300007202
34.0,0.09848906322503867,0.04101876601698282,0.8365515441350315,0.05021558240379976,0.8205263005650562,23.823762230251145,0.1148446409193718,0.11089124557990768,0.0011865573742965115,10.787154399993597
35.0,0.09894260756023553,0.04164819081273416,0.8362968000380889,0.03752537897747496,0.8396449037220167,25.89458594114884,0.09894023762772912,0.09518345667596481,0.001150254935257293,10.59356109998771
36.0,0.09881490809114082,0.04148579398979959,0.8363852802178134,0.037982824177521725,0.8390329985514932,25.76818097156027,0.09947491281301428,0.09571340766023696,0.0011136677794607128,12.15287009999156
37.0,0.09752460196614265,0.04072322362386014,0.8382720937547476,0.03741764892702517,0.8410071613995925,25.89423598413882,0.09820524376371632,0.09448683288717996,0.0010768523216491198,11.367608999978984
38.0,0.09813306095969418,0.04134991084751875,0.8376842387344526,0.04100550055179907,0.8333067155402639,25.179522555807363,0.10384939250576758,0.10000519679456527,0.0010398653285900216,12.382749499985948
39.0,0.09764373747874862,0.04095401894301176,0.8382791682429935,0.038097091424076454,0.840330271617226,25.734751535498578,0.09888340990342526,0.09516507710237512,0.0010027638315458448,10.917972700000973
40.0,0.09667883890316538,0.04021922523236793,0.8395041560997134,0.03729638461347507,0.8391563905322034,25.876350444296133,0.09906999704063585,0.09529127092144662,0.0009656050383358612,10.968679600016912
41.0,0.09643436952129654,0.03965989654154881,0.8393927365541458,0.037883037579772266,0.8392058714576389,25.781886556874152,0.09933858306106667,0.09557931327329103,0.0009284462451258779,12.502837699983502
42.0,0.09632748227728449,0.03884518007828813,0.8386995562392733,0.03521549572115359,0.8429762682189113,26.317075397657312,0.09611961375112117,0.09239407508625214,0.000891344748081701,11.99880759997177
43.0,0.09504675083672223,0.03795246259592797,0.8404188645274743,0.03481922420146673,0.8430288330368374,26.430357311082922,0.09589519558231466,0.09215914455269754,0.000854357755022603,12.078052200027741
44.0,0.09444110233174718,0.03757603707439874,0.8412836074181225,0.03470686989148026,0.8418483824833579,26.338633205579676,0.09642924370406117,0.09265365187933228,0.0008175422972110101,12.303873500000918
45.0,0.09261562468726998,0.03613124098426298,0.8435393737062163,0.035092836934263294,0.844526109488114,26.348741324051566,0.09528336372307464,0.091601475830039,0.00078095514141443,12.460155099979602
46.0,0.09229700368545625,0.036122617959652256,0.8442083891967068,0.03451339398389277,0.8461358819318854,26.4184397821841,0.0941887560260037,0.09053838104612878,0.0007446527023752114,14.061948000016855
47.0,0.09201350763602101,0.03574703276440825,0.8443877952902213,0.03422860355804796,0.847966264123502,26.559911147407863,0.093131169717273,0.08952806708998887,0.000708690955823099,13.4801306000154
48.0,0.09196795049406913,0.0359511425840142,0.8447155547530755,0.03268887778825086,0.8484334453292515,26.848802732384723,0.0921277162294997,0.08849180952941717,0.0006731253521647177,13.923681899992516
49.0,0.09136407312167727,0.03511288049428359,0.8450545043401096,0.03258784139609855,0.848758947590123,26.83483496956203,0.09191444690298775,0.08828540555372145,0.0006380107309830616,14.026838499994483
50.0,0.09099050396648438,0.035464599910799574,0.8462478758200355,0.03314019423788008,0.8467573419861172,26.654035734093707,0.09319142612588145,0.08951805897915283,0.0006034012364788341,13.488841200014576
51.0,0.09128630278713029,0.035085668058499046,0.8451894210732501,0.031948282747812896,0.8481588894906251,27.066925007364024,0.09189469662859388,0.0882277412574776,0.0005693502339840153,13.355961900000693
52.0,0.08978817271797554,0.034293130080661045,0.8474850904034532,0.032120929018634815,0.8494829224503558,26.973974684010383,0.09131900328413949,0.08769782426216584,0.0005359102276763855,55.24572939999052
53.0,0.08944794725950646,0.03430042555555701,0.8482181232260622,0.03136093667505876,0.8506389726763186,27.112753660782523,0.09036098199937008,0.0867519165175156,0.0005031327796218915,9.316532600001665
54.0,0.09016275592148304,0.03460624177292313,0.8470410247859748,0.03270021870570338,0.8503411839837614,26.83208983877431,0.09117951736097102,0.08760230624156161,0.0004710684302696767,9.79919410002185
55.0,0.0896358147425496,0.03435560542604198,0.8478802772967712,0.030938707980448784,0.8509186350780985,27.17152226489523,0.09001003645117514,0.08639661053973538,0.00043976662052237135,9.80779779999284
56.0,0.08909581083318462,0.034208643786690154,0.8488645414295404,0.03388627193382253,0.8482283094654912,26.53825784766156,0.09282898123416566,0.08922342302868415,0.00040927561550180584,9.795089299994288
57.0,0.08883414348668378,0.03393397031797339,0.8491115077682163,0.03193552561266267,0.8492996848147848,26.94871189283288,0.09131792039893893,0.0876854663885232,0.0003796424301276895,10.267049299989594
58.0,0.08835788107598605,0.03361689608098696,0.8497677017813143,0.03154649706962316,0.8520151895025502,27.044809548751168,0.08976565378353649,0.08620435569090128,0.00035091275662401284,11.202920700015966
59.0,0.08829518403534008,0.033459853168334004,0.8497237589048303,0.03101254359859487,0.852386281542156,27.16222331834876,0.08931313102821943,0.08574685177355934,0.0003231308940649508,11.741696999990381
60.0,0.08835330427340839,0.033756347535097084,0.849935076482918,0.03235921259645535,0.8493605683679166,26.980436449465543,0.09149932211426937,0.08788168882804735,0.00029633968006889915,11.699180800002068
61.0,0.08770273670392192,0.03338892481532758,0.8509056866168976,0.03279002440040526,0.8528904875983363,26.86948403068211,0.08994976840103448,0.08645327517140461,0.0002705804247459745,11.931301600008737
62.0,0.08776853225477364,0.033312082776556846,0.8506786654824796,0.030889986528326637,0.8519623059293499,27.226287841796875,0.0894638402994884,0.0858808451912188,0.00024589284700081665,58.28246429999126
63.0,0.0877390354466827,0.033177451382431646,0.8505893268662951,0.031059862762365654,0.8524701776711837,27.207217506740403,0.08929484254559097,0.0857325765470337,0.00022231501328891714,9.455550299986498
64.0,0.08696933726415686,0.03265095085067594,0.8516339151107747,0.030365412083009014,0.8534417087617128,27.359511251034945,0.08846185166064813,0.08490806024327265,0.00019988327892090442,9.93061349997879
65.0,0.08723994522638943,0.03288076477854148,0.8513171957886737,0.03399637013511813,0.8458699260068976,26.541922735131305,0.09406322206411027,0.09038889943081456,0.00017863223200528935,9.687741200003074
66.0,0.08703867155734611,0.032646388311505965,0.8514810538162356,0.030491635527299797,0.8540566667266514,27.30414166657821,0.08821748440032422,0.08468636222180387,0.00015859464011610885,9.750904899992747
67.0,0.08691427164265643,0.03254960829635029,0.8516366737692252,0.0308153106952491,0.854231956212417,27.285280269125234,0.08829167724141605,0.0847758160351415,0.00013980139976770302,11.128708400006872
68.0,0.08684286908449038,0.03252448114242567,0.8517603812658269,0.03036462604675604,0.8538329070029052,27.36451654848845,0.08826585952192545,0.08472400897005945,0.00012228148877452735,11.162994999991497
69.0,0.08671972520001557,0.03245271237202636,0.8519415959067966,0.0302712164171364,0.854140693726747,27.35968200020168,0.08806526134519473,0.08452996757618036,0.00010606192156946501,12.010314300016034
70.0,0.08605147918443316,0.03214454741986549,0.8530168455580006,0.02984731413585984,0.8544376453627711,27.449432290118672,0.08770483438654436,0.08416565779685452,9.116770754952876e-05,12.628921499999706
71.0,0.086434632661226,0.032418930903077126,0.8525107467304105,0.030816305712189362,0.8537860149922578,27.25562734189241,0.08851514535996577,0.08498567535072765,7.762181251318288e-05,11.484453099983511
72.0,0.08552238264161607,0.03178423451786132,0.8537367200073989,0.029843258590477963,0.854554348665735,27.427255215852156,0.08764445496237148,0.084108723735573,6.544512324874755e-05,12.140364499995485
73.0,0.08580742727803148,0.03195084724575281,0.8533178104654603,0.029789494188583416,0.8551586114841959,27.426685996677566,0.08731544135219375,0.0837965472720629,5.46564153284844e-05,14.252681500016479
74.0,0.0858611001268677,0.0319979363222323,0.85325669594433,0.0298469221300405,0.8546193449393563,27.412254623744797,0.0876137885953421,0.08408015734796219,4.5272324158025166e-05,13.231986400001915
75.0,0.08611975731733053,0.032168877533758466,0.8528988915293113,0.029272625870678737,0.8553829581841178,27.517064218935758,0.08694483384328047,0.08341699290837727,3.73073193257824e-05,14.69668079999974
76.0,0.08639834149052268,0.03227633203420302,0.8524268768403841,0.030651764782226604,0.8542423131673232,27.311923773392387,0.08820472580745169,0.0846841792744295,3.0773682291892376e-05,14.210982000018703
77.0,0.08597094537285359,0.03201604607191099,0.853043161008669,0.030234875238460045,0.8533452295738718,27.317924250727113,0.08844482283229411,0.08488408806663965,2.5681487451093714e-05,13.406715199991595
78.0,0.08564603612150835,0.031889083886357104,0.8535918120456778,0.02998000990761363,0.8545945273793262,27.40538327590279,0.08769274126414373,0.08416242149137965,2.203858659874146e-05,53.97428660001606
79.0,0.085421207603877,0.03200686235061806,0.8542038924668146,0.029265105238427288,0.8556390702724457,27.530628992163617,0.0868130174829908,0.08329277978668072,1.9850596823907157e-05,24.19762960000662
80.0,0.08589435348530179,0.03200699718992995,0.8531960964850758,0.030270553882355274,0.853641346744869,27.35589243018109,0.08831460356874313,0.08476401687006022,1.912089184823488e-05,9.620559200004209
