type,level,l1,psnr,ssim,input_l1,input_psnr,input_ssim,ssim_gain,psnr_gain,n
clean,none,0.03282934192920387,26.702522978856734,0.8310082376604347,0.0,100.0,1.0,-0.1689917623395652,-73.29747702114327,3669
salt_pepper,low,0.03278792304798867,26.704693533543118,0.8299804769962027,0.015017468665017521,20.132699947196024,0.6024671846918983,0.2275132923043044,6.571993586347096,3669
salt_pepper,medium,0.03298487680240487,26.642736954271843,0.826108510372716,0.039977700070549856,15.8756708341127,0.3396905758873778,0.48641793448533827,10.767066120159141,3669
salt_pepper,high,0.03365204213316555,26.458653100409602,0.8177428597908769,0.07501161980812542,13.141592939662232,0.2040521674402389,0.613690692350638,13.31706016074737,3669
blur,low,0.03226358131763192,26.879540289803206,0.8271490653225952,0.01577351556285712,32.335946915097054,0.9435800184473155,-0.11643095312472032,-5.456406625293847,3669
blur,medium,0.03269326489172017,26.723873643726964,0.8196280141898935,0.030130966762717915,26.77352239546902,0.8056985645487186,0.013929449641174957,-0.049648751742055484,3669
blur,high,0.03799470594753383,25.26773892140382,0.745873559216577,0.04041017969152881,24.353214333056755,0.691619593226705,0.0542539659898721,0.9145245883470662,3669
occlusion,low,0.040531933415020135,23.703733102928947,0.781345718983702,0.04437113523420974,16.69217182823799,0.8619084589388429,-0.08056273995514103,7.011561274690958,3669
occlusion,medium,0.04865798592805034,21.806148125125265,0.7315368048499474,0.08789820925318137,13.361513104026796,0.7301315419938396,0.001405262856107864,8.444635021098469,3669
occlusion,high,0.06283275057092354,19.611761931925972,0.6531359177660506,0.15393602170616705,10.787245741199817,0.5458416652698937,0.10729425249615687,8.824516190726154,3669
