record,image_id,type,level,severity,l1,mse,psnr,ssim,input_l1,input_psnr,input_ssim,pred,probs_0,probs_1,probs_2,probs_3,objective,input_objective,ssim_gain,psnr_gain,pred_name,objective_oracle,ssim_oracle,psnr_oracle,misrouted,degradation
5060,Bengal_19,clean,none,0.0,0.10669772326946259,0.02311926707625389,16.360260009765625,0.5391486287117004,0.0,100.0,1.0,3,0.06480638682842255,0.0012598270550370216,3.053895488847047e-05,0.9339032769203186,0.2837745472788811,0.0,-0.46085137128829956,-83.63973999023438,occlusion,0.0,1.0,100.0,True,0.2837745472788811
11430,Egyptian_Mau_60,clean,none,0.0,0.1331310272216797,0.050176553428173065,12.994993209838867,0.5952638387680054,0.0,100.0,1.0,3,0.0006140077020972967,0.00010882956121349707,4.474419711186783e-06,0.9992726445198059,0.26893359422683716,0.0,-0.40473616123199463,-87.00500679016113,occlusion,0.0,1.0,100.0,True,0.26893359422683716
29910,scottish_terrier_1,clean,none,0.0,0.06276416778564453,0.00691812951117754,21.600112915039062,0.6941012144088745,0.0,100.0,1.0,2,0.37341347336769104,0.0014618716668337584,0.6241296529769897,0.000994964619167149,0.184331476688385,0.0,-0.3058987855911255,-78.39988708496094,blur,0.0,1.0,100.0,True,0.184331476688385
21070,miniature_pinscher_33,clean,none,0.0,0.06759479641914368,0.009541550651192665,20.20380973815918,0.7049152255058289,0.0,100.0,1.0,3,0.2979540526866913,0.2919059097766876,0.0012911496451124549,0.4088488519191742,0.1813397854566574,0.0,-0.29508477449417114,-79.79619026184082,occlusion,0.0,1.0,100.0,True,0.1813397854566574
10410,chihuahua_60,clean,none,0.0,0.05483625456690788,0.011212030425667763,19.503158569335938,0.7354833483695984,0.0,100.0,1.0,3,0.16930490732192993,0.06817195564508438,3.72110225725919e-05,0.762485921382904,0.15967645309865475,0.0,-0.2645166516304016,-80.49684143066406,occlusion,0.0,1.0,100.0,True,0.15967645309865475
19590,leonberger_80,clean,none,0.0,0.040175940841436386,0.0030468502081930637,25.161487579345703,0.7261114120483398,0.0,100.0,1.0,3,0.3347451686859131,0.016149278730154037,7.553834439022467e-05,0.6490299701690674,0.15703226439654827,0.0,-0.27388858795166016,-74.8385124206543,occlusion,0.0,1.0,100.0,True,0.15703226439654827
31740,shiba_inu_95,clean,none,0.0,0.0656934455037117,0.009204946458339691,20.359786987304688,0.7578823566436768,0.0,100.0,1.0,3,0.0708828866481781,0.0002477782836649567,0.0006253525498323143,0.9282439947128296,0.15390554443001747,0.0,-0.24211764335632324,-79.64021301269531,occlusion,0.0,1.0,100.0,True,0.15390554443001747
31290,shiba_inu_54,clean,none,0.0,0.03936142474412918,0.0027228582184761763,25.649749755859375,0.8057475686073303,0.0,100.0,1.0,2,0.04296980798244476,0.0004987964639440179,0.9562665224075317,0.0002649088273756206,0.11680692806839943,0.0,-0.19425243139266968,-74.35025024414062,blur,0.0,1.0,100.0,True,0.11680692806839943
22710,newfoundland_91,clean,none,0.0,0.045212022960186005,0.004661579616367817,23.314668655395508,0.8197278380393982,0.0,100.0,1.0,3,0.25291958451271057,0.022535748779773712,0.003339841030538082,0.7212048172950745,0.1127420924603939,0.0,-0.1802721619606018,-76.68533134460449,occlusion,0.0,1.0,100.0,True,0.1127420924603939
23290,Persian_47,clean,none,0.0,0.06860174983739853,0.024258267134428024,16.151403427124023,0.8444178700447083,0.0,100.0,1.0,3,0.26784461736679077,0.04296255111694336,0.0005360862705856562,0.6886566877365112,0.11209193989634514,0.0,-0.15558212995529175,-83.84859657287598,occlusion,0.0,1.0,100.0,True,0.11209193989634514
2870,american_pit_bull_terrier_90,clean,none,0.0,0.04368050396442413,0.006879407912492752,21.62449073791504,0.8304157853126526,0.0,100.0,1.0,3,0.23707908391952515,0.004997904412448406,5.956610038992949e-05,0.7578634023666382,0.10663235932588577,0.0,-0.1695842146873474,-78.37550926208496,occlusion,0.0,1.0,100.0,True,0.10663235932588577
33050,Sphynx_245,clean,none,0.0,0.04074476659297943,0.004678697790950537,23.298751831054688,0.8584602475166321,0.0,100.0,1.0,3,0.46729642152786255,0.015153822489082813,0.00029981229454278946,0.5172500014305115,0.09114225953817368,0.0,-0.14153975248336792,-76.70124816894531,occlusion,0.0,1.0,100.0,True,0.09114225953817368
19860,Maine_Coon_239,clean,none,0.0,0.03792276233434677,0.002427678322419524,26.148090362548828,0.8621800541877747,0.0,100.0,1.0,2,0.48853445053100586,0.001230025663971901,0.508988618850708,0.0012469578068703413,0.08787135407328606,0.0,-0.13781994581222534,-73.85190963745117,blur,0.0,1.0,100.0,True,0.08787135407328606
18330,keeshond_56,clean,none,0.0,0.028787842020392418,0.0014172184746712446,28.485631942749023,0.8543292284011841,0.0,100.0,1.0,2,0.3672531247138977,0.003635755507275462,0.6259399652481079,0.003171162446960807,0.08722930680960417,0.0,-0.14567077159881592,-71.51436805725098,blur,0.0,1.0,100.0,True,0.08722930680960417
6090,Birman_201,clean,none,0.0,0.032221052795648575,0.0028775236569344997,25.409812927246094,0.8807126879692078,0.0,100.0,1.0,2,0.3444663882255554,0.002232080325484276,0.6511338949203491,0.002167635830119252,0.0757541824132204,0.0,-0.11928731203079224,-74.5901870727539,blur,0.0,1.0,100.0,True,0.0757541824132204
15050,great_pyrenees_30,clean,none,0.0,0.028341706842184067,0.0014453602489084005,28.400239944458008,0.8864994645118713,0.0,100.0,1.0,2,0.2229040116071701,0.0026774536818265915,0.7719568610191345,0.0024617728777229786,0.07092112116515636,0.0,-0.11350053548812866,-71.59976005554199,blur,0.0,1.0,100.0,True,0.07092112116515636
27070,Russian_Blue_244,clean,none,0.0,0.03332691639661789,0.0017152295913547277,27.656780242919922,0.8915145397186279,0.0,100.0,1.0,2,0.4592776894569397,0.0029528771992772818,0.5348566174507141,0.0029127805028110743,0.07090618833899498,0.0,-0.10848546028137207,-72.34321975708008,blur,0.0,1.0,100.0,True,0.07090618833899498
7050,Bombay_213,clean,none,0.0,0.0324377566576004,0.0019461701158434153,27.108192443847656,0.8984532356262207,0.0,100.0,1.0,2,0.28035855293273926,0.002852451289072633,0.7145237326622009,0.0022653061896562576,0.06699226051568985,0.0,-0.1015467643737793,-72.89180755615234,blur,0.0,1.0,100.0,True,0.06699226051568985
31610,shiba_inu_83,clean,none,0.0,0.030888168141245842,0.001622993964701891,27.896833419799805,0.9002084732055664,0.0,100.0,1.0,2,0.28633832931518555,0.003597434377297759,0.7073113322257996,0.002752866828814149,0.06533984746783972,0.0,-0.0997915267944336,-72.1031665802002,blur,0.0,1.0,100.0,True,0.06533984746783972
23240,Persian_42,clean,none,0.0,0.045152805745601654,0.006428181193768978,21.919118881225586,0.9169180393218994,0.0,100.0,1.0,2,0.1386157125234604,0.0028712640050798655,0.8557839393615723,0.0027290978468954563,0.06411738321185112,0.0,-0.08308196067810059,-78.08088111877441,blur,0.0,1.0,100.0,True,0.06411738321185112
32980,Sphynx_239,clean,none,0.0,0.026626264676451683,0.0012836492387577891,28.915536880493164,0.9033523797988892,0.0,100.0,1.0,2,0.12059590220451355,0.0025873868726193905,0.8755630850791931,0.0012536246795207262,0.06163694243878126,0.0,-0.09664762020111084,-71.08446311950684,blur,0.0,1.0,100.0,True,0.06163694243878126
21918,newfoundland_1,occlusion,medium,0.200439453125,0.02100391499698162,0.002672819187864661,25.730304718017578,0.7419169545173645,0.02100391499698162,25.730304718017578,0.7419169545173645,0,0.8573119640350342,0.0028651764150708914,0.00150102109182626,0.13832183182239532,0.13954348023980856,0.13954348023980856,0.0,0.0,clean,0.08212375268340111,0.8563472032546997,30.269901275634766,True,0.05741972755640745
24180,pomeranian_43,clean,none,0.0,0.025892307981848717,0.0013856354635208845,28.58350944519043,0.9114968776702881,0.0,100.0,1.0,2,0.4629785716533661,0.005133191589266062,0.5287380814552307,0.003150138072669506,0.057197715155780315,0.0,-0.08850312232971191,-71.41649055480957,blur,0.0,1.0,100.0,True,0.057197715155780315
25980,Ragdoll_255,clean,none,0.0,0.022796522825956345,0.0009992350824177265,30.003326416015625,0.9088071584701538,0.0,100.0,1.0,2,0.48011884093284607,0.003580835647881031,0.5130841732025146,0.003216115292161703,0.05699468217790127,0.0,-0.09119284152984619,-69.99667358398438,blur,0.0,1.0,100.0,True,0.05699468217790127
22840,Persian_228,clean,none,0.0,0.029823940247297287,0.0018299402436241508,27.37563133239746,0.9207059144973755,0.0,100.0,1.0,2,0.23530447483062744,0.005183345638215542,0.755872368812561,0.0036398228257894516,0.0545590128749609,0.0,-0.07929408550262451,-72.62436866760254,blur,0.0,1.0,100.0,True,0.0545590128749609
30990,shiba_inu_26,clean,none,0.0,0.028163647279143333,0.0013149604201316833,28.810874938964844,0.9207072257995605,0.0,100.0,1.0,2,0.4481262266635895,0.0023561480920761824,0.5479844212532043,0.0015331748872995377,0.05372821073979139,0.0,-0.07929277420043945,-71.18912506103516,blur,0.0,1.0,100.0,True,0.05372821073979139
26680,Ragdoll_89,clean,none,0.0,0.026541223749518394,0.0011291515547782183,29.472476959228516,0.9251199960708618,0.0,100.0,1.0,2,0.24397853016853333,0.0037739980034530163,0.7493082880973816,0.0029391925781965256,0.05071061383932829,0.0,-0.07488000392913818,-70.52752304077148,blur,0.0,1.0,100.0,True,0.05071061383932829
6380,Birman_46,clean,none,0.0,0.0235153716057539,0.000993484165519476,30.028390884399414,0.9223440885543823,0.0,100.0,1.0,2,0.22093291580677032,0.0031699584797024727,0.772639274597168,0.0032578331883996725,0.05058564152568579,0.0,-0.07765591144561768,-69.97160911560059,blur,0.0,1.0,100.0,True,0.05058564152568579
12120,english_cocker_spaniel_37,clean,none,0.0,0.021620867773890495,0.0008227812359109521,30.847158432006836,0.923222005367279,0.0,100.0,1.0,2,0.13625814020633698,0.0016640886897221208,0.8603373169898987,0.0017405471298843622,0.04919943120330572,0.0,-0.07677799463272095,-69.15284156799316,blur,0.0,1.0,100.0,True,0.04919943120330572
6390,Birman_47,clean,none,0.0,0.026126673445105553,0.0015529654920101166,28.088380813598633,0.9340503215789795,0.0,100.0,1.0,2,0.4892929792404175,0.003787224180996418,0.5028566718101501,0.004063097760081291,0.04603817593306303,0.0,-0.06594967842102051,-71.91161918640137,blur,0.0,1.0,100.0,True,0.04603817593306303
24140,pomeranian_3,clean,none,0.0,0.020698877051472664,0.0007123427931219339,31.47311019897461,0.9315047860145569,0.0,100.0,1.0,2,0.4684746265411377,0.0022339667193591595,0.5267201662063599,0.002571280114352703,0.04459704551845789,0.0,-0.06849521398544312,-68.52688980102539,blur,0.0,1.0,100.0,True,0.04459704551845789
32030,Siamese_250,clean,none,0.0,0.023870129138231277,0.00105662748683244,29.76078224182129,0.9433769583702087,0.0,100.0,1.0,2,0.20580439269542694,0.0033297680784016848,0.7881587743759155,0.002707082312554121,0.04024658538401127,0.0,-0.05662304162979126,-70.23921775817871,blur,0.0,1.0,100.0,True,0.04024658538401127
7348,Bombay_49,occlusion,medium,0.19769287109375,0.01640864461660385,0.0033489870838820934,24.750864028930664,0.7893504500389099,0.01640864461660385,24.750864028930664,0.7893504500389099,0,0.7338162064552307,0.02457609586417675,0.03422063589096069,0.20738700032234192,0.11352909728884697,0.11352909728884697,0.0,0.0,clean,0.09713077824562788,0.830716073513031,27.838632583618164,True,0.01639831904321909
27807,Russian_Blue_9,occlusion,low,0.1015625,0.008990120142698288,0.0008078730897977948,30.92656898498535,0.8721758127212524,0.008990120142698288,30.92656898498535,0.8721758127212524,0,0.9189895391464233,0.0013549214927479625,0.0025067266542464495,0.07714877277612686,0.06840715371072292,0.06840715371072292,0.0,0.0,clean,0.052644855342805386,0.9149468541145325,28.6771183013916,True,0.015762298367917538
