type,level,oracle_psnr,pred_psnr,oracle_ssim,pred_ssim,input_ssim,cls_accuracy
clean,none,100.0,99.36838554159826,1.0,0.9986773449902185,1.0,0.9915508312891796
salt_pepper,low,25.308428993079538,25.308428993079538,0.8269464524509017,0.8269464524509017,0.6024671846918983,1.0
salt_pepper,medium,25.294169563985903,25.294169563985903,0.824233789166497,0.824233789166497,0.3396905758873778,1.0
salt_pepper,high,25.236290709203647,25.236290709203647,0.8185070609893679,0.8185070609893679,0.2040521674402389,1.0
blur,low,25.585030287739755,25.741897155167006,0.8254453495010818,0.8294157801547796,0.9435800184473155,0.9741073862087762
blur,medium,25.7548392907447,25.754838961676377,0.8187473543286811,0.8187473249893548,0.8056985645487186,1.0
blur,high,24.61838697561876,24.61838709310603,0.7463119368473234,0.7463119510052542,0.691619593226705,1.0
occlusion,low,22.70018544902786,22.75601408000082,0.7741943435744975,0.7765363874683006,0.8619084589388429,0.9779231398201145
occlusion,medium,21.322317965838394,21.319896734647838,0.7282519405659488,0.7283371101042398,0.7301315419938396,0.9980921231943308
occlusion,high,19.535122483846894,19.535122516337843,0.6555876513289703,0.6555876571367274,0.5458416652698937,1.0
