epoch,train_d_real,train_d_fake,train_g_adv,train_g_l1,train_d_real_prob,train_d_fake_prob,val_l1,val_ssim,val_psnr,val_objective,val_style1_l1,val_style1_ssim,val_style2_l1,val_style2_ssim,val_style3_l1,val_style3_ssim,lr_g,epoch_time_s
1.0,0.5214243757405451,0.4750735637332712,1.259480201772281,0.2843959460567151,0.6374735196254083,0.348719280878348,0.11742181148169176,0.448867455968317,15.011984003414899,0.33427717775668736,0.08967626536334003,0.47900728826169614,0.16283295704768255,0.3488021263709435,0.10113653709303658,0.5163361936245324,0.0004520364418179576,25.89851679999265
2.0,0.27072376498420325,0.2451553181745112,2.083470713879381,0.2569269702902862,0.8078314225588527,0.19348013424314559,0.11727433984384597,0.44259508000979636,14.787529903387874,0.33733962991702476,0.09415760305192736,0.46389148853443285,0.15853209908191973,0.361283329816965,0.1003479485241872,0.5006743826956119,0.0004520364418179576,13.23447739999392
3.0,0.3000576468018283,0.25919969456403386,2.103851771780423,0.2562530957428472,0.8033772866640773,0.1956124246519591,0.11682588649245929,0.4346267952109283,14.712450903166765,0.3410995456407655,0.09367717416198165,0.4488410022523668,0.1524516871342292,0.36816265949836147,0.10545774338380345,0.48535451349222436,0.0004520364418179576,14.471943000011379
4.0,0.33402529471953,0.2813381549702691,1.998001610061952,0.2529452561533877,0.7894245912986142,0.2127771185644503,0.126699206214281,0.4169628455204034,13.989270096305031,0.3548681803469388,0.10347817341486613,0.4295765514726992,0.17056252864690927,0.3259054468228267,0.10732266025723151,0.4934504616935298,0.0004520364418179576,15.298300899987225
5.0,0.3869723053981683,0.3089642148198826,1.8820957110396452,0.24965485597827605,0.7658486627042294,0.23279743195910538,0.11683129214640683,0.43351080432627936,14.866221301960495,0.3416602439100637,0.08897692185861093,0.4534416772701122,0.15721381398347709,0.3500635853180519,0.10559063137702222,0.49507666533848027,0.0004520364418179576,15.311088200003724
6.0,0.3807429590462042,0.3105784831568599,1.8511226453951426,0.24648188360567605,0.765402135306171,0.23411907219061895,0.11108560981990406,0.445383683690485,15.0258019405341,0.3328509630647095,0.08947932168289467,0.4543894617645829,0.147714403959421,0.3615270256996155,0.0971618857023851,0.5184824061843584,0.0004520364418179576,15.310844399995403
7.0,0.3937541244085878,0.3247408345840605,1.8665217581604208,0.24095751691077436,0.7613895524825368,0.23889805288386665,0.11771723159454153,0.4213085354499097,14.955700376498624,0.3482043480723159,0.08813534180323283,0.4383524347234655,0.17084462826068586,0.31224247125478893,0.09573227392052705,0.5109512491046257,0.0004520364418179576,15.289827800006606
8.0,0.3851290120676692,0.31556539616680573,1.8018365938748633,0.23770258336194924,0.7621706716184106,0.24020906963518687,0.10848544528649288,0.4523765815878814,15.19011913755405,0.3280544318493057,0.08816051703912241,0.4528178815488462,0.1462260691019205,0.37389638332220226,0.09216531605090734,0.5289263725280762,0.0004520364418179576,15.304387700001826
9.0,0.38937734180529204,0.31538019562140107,1.7981491381568568,0.23750295889164721,0.7594163694552013,0.2399700808205775,0.10794764944592362,0.4513664185625952,15.179878282846895,0.3282906154416642,0.08411937510525738,0.4622633280577483,0.14617633819580078,0.36559890783750093,0.09471810988660129,0.52441317630264,0.0004520364418179576,15.30379350000294
10.0,0.3959050366289115,0.3197940713725984,1.8074845299124718,0.2325586210936308,0.7581123613885471,0.24385049071029893,0.10989295311693875,0.45356022336947843,15.123293894641805,0.3281663648737302,0.08731164424507706,0.4643845999682391,0.14883374480100778,0.36559507938531727,0.09469426353022738,0.5288370600286519,0.0004520364418179576,193.29440369999793
11.0,0.3991591463065041,0.3240620861761272,1.8286808250205857,0.23205944656261376,0.7573054467460939,0.24404814806101577,0.10769972261392845,0.45898752392462966,15.130950351931014,0.3243560993446494,0.0850375923845503,0.4659095428608082,0.14577278265586266,0.37430660541240984,0.09343473528915981,0.535018043698005,0.0004520364418179576,138.96793819998857
12.0,0.40243904581958695,0.3261123993434012,1.7770601298127855,0.23063521379871027,0.7541738163147654,0.24818509298243693,0.10629718558593367,0.45502060464343186,15.25855394279432,0.3256382904712509,0.08403488883265743,0.4645831055111355,0.1454268372975863,0.36970680493574876,0.09058817490091864,0.5289817891030941,0.0004520364418179576,111.06973659999494
13.0,0.41843194166930125,0.3363355252492641,1.802939758236919,0.22722284136606113,0.7489113147769656,0.2484863270074129,0.10544095249295984,0.4599398666957639,15.390316753267491,0.32275054289859795,0.08075567969569454,0.47493366841916684,0.1455021844460414,0.3737404759113605,0.09128662662686042,0.5292361322438942,0.0004520364418179576,11.732984899994335
14.0,0.4009943998285702,0.3321105732050325,1.752166232360261,0.228446667481746,0.7515120708516666,0.2508856259685542,0.10662948260517241,0.45916322792101205,15.225436420560634,0.32373312734208015,0.08436982609607556,0.4688827329211765,0.14513526283777678,0.37455328611227184,0.09152987318218879,0.5322738683448648,0.0004520364418179576,11.932101300000795
15.0,0.411487392748573,0.33485176753518836,1.7693214703883444,0.22634971820350205,0.7497198978172881,0.2517190741907273,0.1078073078731321,0.4538941773228675,15.124599432795303,0.3269565652751323,0.08731343017684089,0.45946453677283394,0.1434177848008963,0.37236449351677525,0.0937492847442627,0.5282100551533249,0.0004520364418179576,12.107579499992426
16.0,0.41050229777049807,0.34237688892920104,1.7385772903050696,0.22385509910860232,0.7472913182739701,0.2547630075298782,0.10394244074071728,0.46868414848855455,15.367953510404384,0.31762914612608134,0.0829407760390529,0.4775604716053716,0.13960292018376863,0.38873021877728975,0.09035271968481676,0.5380857035798846,0.0004520364418179576,12.430874099998618
17.0,0.420249612004097,0.3404099709088249,1.7280808445066214,0.22583201101848058,0.7438906534974065,0.2565044862484293,0.10658498979964347,0.46349652608235675,15.128391865664309,0.3215442318586434,0.08443258978702405,0.4725025318287037,0.14476343301626352,0.37987366089454067,0.09169726776626874,0.5363656079994058,0.0004520364418179576,13.5794251000043
18.0,0.4229751121518867,0.3437862678963159,1.753776382122721,0.2236444057364549,0.7422326986810991,0.25615428920303074,0.10619584569391215,0.4622321458732557,15.33124470260908,0.32198184991032824,0.08425522954375655,0.4697660384354768,0.14223967836453363,0.38252437573212844,0.09318667762684373,0.532759963341479,0.0004520364418179576,14.335668899992015
19.0,0.40846482840632753,0.3456479220518044,1.7162331301452858,0.22433279068874462,0.7466366173965591,0.2560497162464474,0.10645865194452633,0.4541891205985591,15.308083972091195,0.3261347656729836,0.08203700074443111,0.4703693124983046,0.14855581521987915,0.3566398070408748,0.09003821858819926,0.5334123845370311,0.0004520364418179576,15.262647199997446
20.0,0.42418293175952776,0.3458113169430622,1.7275157985942704,0.22209684697112866,0.7402770074882677,0.2597741670906544,0.1047043890323279,0.463992862581457,15.350200916986045,0.32035576322543546,0.08122735774075543,0.4750195785805031,0.14456445895708525,0.37685863788311297,0.08951638667088635,0.5382483050508319,0.0004520364418179576,15.240391100000124
21.0,0.42796272694665405,0.35027463155399474,1.7213589107351643,0.22163307001548155,0.738698513646211,0.26105749128120287,0.10347417315597054,0.46137033618471157,15.57877143523978,0.3210519184856295,0.08054175310664707,0.47624847624037003,0.1404881890003498,0.37653253170160145,0.09052364218909785,0.5294485676963374,0.0004520364418179576,15.269945700012613
22.0,0.43217192949461086,0.35194505944049786,1.7420147146497453,0.2209683788408126,0.7392666935920715,0.2603708957654557,0.10548793144945828,0.460302508852017,15.452521941946737,0.3225927112987207,0.08329844143655565,0.47483218599248816,0.14508898900105402,0.3739750889631418,0.08924222554800645,0.530197301000919,0.0004520364418179576,15.293301199999405
23.0,0.43281470478645395,0.34636377988915357,1.689845004252025,0.22122334888471024,0.7387221048453024,0.26102783238249166,0.1023755448419343,0.46741502389967815,15.494976115676591,0.3174802604711281,0.08081927454030072,0.4764625805395621,0.13990859801952654,0.38232279740847075,0.08751365373719414,0.5416834714277735,0.0004520364418179576,15.305179399991175
24.0,0.42686679877806455,0.3524699957509126,1.6896717979439668,0.2193224954285792,0.7375664530055863,0.26274340759430614,0.10226587979298718,0.46878983839502875,15.539563640858391,0.3167380206989792,0.08047345059889334,0.47779191423345496,0.13998067378997803,0.3799902842595027,0.08746629053691649,0.5467420029190352,0.0004520364418179576,15.302533800000674
25.0,0.432967058615759,0.3511034427875919,1.707073735339301,0.2191520377195307,0.7386883103421756,0.2619753078158413,0.1028507595542092,0.4677220770398026,15.473846243612421,0.3175643412572033,0.08121471382953503,0.4777190022998386,0.13922443756690392,0.38835254540810216,0.08920764810634109,0.5354085463397907,0.0004520364418179576,15.73988300000201
26.0,0.4355734806906964,0.3546956784890166,1.666075517556497,0.21801951434463263,0.7326998806425503,0.2665162230176585,0.10405911589568516,0.4698554644794584,15.434770500135121,0.3171018257081134,0.08273331986533271,0.47886442255090783,0.14361306107961214,0.3774466560437129,0.08697963323233263,0.551341785574859,0.0004520364418179576,15.851680199994007
27.0,0.4280576764140278,0.35515654233417343,1.7105333602854185,0.2221571227003421,0.7383092524749892,0.2639619778575642,0.10618935890917508,0.4563347318637296,15.28841126639888,0.32492731352272275,0.08241874089947453,0.4706198241975572,0.1486980662896083,0.35422828564277065,0.08870182509692211,0.5419599740010388,0.0004520364418179576,15.968794499989599
28.0,0.4343243261599647,0.3629278749493616,1.7022825527404035,0.21928105649671384,0.7346876367394414,0.2670201499547277,0.10323332090797664,0.4638383733401508,15.485268646816039,0.31969747378391294,0.08025281517593949,0.4757756303857874,0.14465731382369995,0.36814109637187076,0.08600501069482767,0.5455675754906997,0.0004520364418179576,16.537378900000476
29.0,0.427968082683427,0.35075828353209154,1.6862918218331677,0.2185564251350505,0.735740863052862,0.26422803908852593,0.10343950199631025,0.46676423414698187,15.47731027663129,0.3183376339246642,0.0807367640512961,0.47826091448465985,0.14134578979932344,0.38117921352386475,0.0893795186618589,0.5390208082379035,0.0004520364418179576,18.19565039999725
30.0,0.4284255236852914,0.3445765848404595,1.6754222592072827,0.2168237610853144,0.7391470266239983,0.26193320711276363,0.10003929618019727,0.4753499240995203,15.68962989663178,0.3123446860403385,0.0789782769150204,0.48569919886412444,0.13706265504543597,0.3948797354331383,0.08517288374450971,0.5437572407272627,0.0004520364418179576,17.71774049999658
31.0,0.4373474851849356,0.35749828023836017,1.7079014549297946,0.2162782854533621,0.7319626539413419,0.26480162063879625,0.10336501193496417,0.4667059580485026,15.57595690841195,0.31832952694323075,0.07919390665160285,0.48614013636553727,0.14549233133976275,0.36578693298193127,0.08665971036227245,0.5459199761444667,0.0004520364418179576,18.16327530000126
32.0,0.4247525781725666,0.3612669587268361,1.7260318278734172,0.2163348039612174,0.7387312166392803,0.2642691660938518,0.10482588204197914,0.46715450886660403,15.304137415855935,0.3188356865876876,0.0816772613260481,0.47996929398289434,0.1462047008367685,0.3727634961788471,0.08781317607411798,0.5467080035299625,0.0004520364418179576,19.003106200005277
33.0,0.43198289249890615,0.3576046345489366,1.6827637909778528,0.21618111937173776,0.733536973329527,0.26602581209902254,0.10086532508802114,0.4768533046890355,15.66984433348074,0.3120060101994928,0.079899987688771,0.48371881025808827,0.13840784247104937,0.3925701700724088,0.08539206689258791,0.5525511165834823,0.0004520364418179576,19.75900149998779
34.0,0.43103817464517696,0.35372174850531984,1.6675510281430823,0.21516759001782962,0.7363386630479779,0.2652553114374833,0.10097526454325742,0.47897515806761926,15.614550512541765,0.3110000532378191,0.07920418293387801,0.48859182993570965,0.13808005360456613,0.3952485414651724,0.08675241807721695,0.5513239221752815,0.0004520364418179576,19.27701249999518
35.0,0.44522063311887905,0.36494612048513125,1.7205720128757613,0.21492917649447918,0.7325210025800126,0.26549268926360775,0.10234456842050613,0.4747730411073697,15.487424454599056,0.31378576365656824,0.08057498490368878,0.48539405398898655,0.14110889572363633,0.38685057254937977,0.08649197614417886,0.550215167819329,0.0004520364418179576,19.49289740000677
36.0,0.4159744563845119,0.34362729971430134,1.7336273403572184,0.2142276018857956,0.744850257145507,0.25771005425070015,0.10646117708218172,0.4653194115596747,15.142136675756682,0.3205708827612535,0.08717533394142434,0.4709381483219288,0.14660257330307594,0.3725771995691153,0.086726890420014,0.5505870243288437,0.0004520364418179576,19.556372100007138
37.0,0.43021334398404826,0.3588855959075902,1.7241270733731133,0.21431789400854281,0.7341240607202053,0.2648930926141994,0.10082533074624883,0.47931551183544613,15.625774455520341,0.3107549094554013,0.07921309382827194,0.49011054303910995,0.1409855576661917,0.38550975689521205,0.08344286005451994,0.5603525773534235,0.0004520364418179576,19.99975479999557
38.0,0.43069942395335864,0.3501802050242467,1.7254526242613792,0.2140659135101097,0.7360852036092963,0.2631929287953036,0.1022311546517618,0.47426153578848207,15.480248793116155,0.31398480943163987,0.07986088924937779,0.4909959148477625,0.14131446068103498,0.38366915629460263,0.08667761762187166,0.5460945030428329,0.0004520364418179576,21.24004469999636
39.0,0.4213584833778441,0.3519467526514615,1.7423364530716623,0.21193709184548684,0.7419133300759962,0.2588098075107804,0.1027068701930016,0.47091945912103234,15.4646712009262,0.3158937055359846,0.08097473669935155,0.48327464086038097,0.14200371503829956,0.37801480293273926,0.0862936534971561,0.549482894393633,0.0004520364418179576,20.335292200004915
40.0,0.4318407619638102,0.35731511370145846,1.7336862667330675,0.21339485381862947,0.7363739386200905,0.2649134120770863,0.10546928681667496,0.46561867935852436,15.450311432844439,0.3199253037290753,0.08329399095641242,0.47674276652159514,0.14367389449706444,0.3758180875044603,0.09057921508573136,0.5423909628166342,0.0004520364418179576,21.141889699996682
41.0,0.4299137082083949,0.3582876281413649,1.7424092606774397,0.2134158681812031,0.7374555189162493,0.2629244422673115,0.10236437215745074,0.47119140625,15.579455873501376,0.3155864829537254,0.08006683433497394,0.48636998070610893,0.1414381769987253,0.37752217512864333,0.08674605050176945,0.5476283172391495,0.0004520364418179576,20.70600970000669
42.0,0.42082316002675463,0.3448518054293735,1.7539650286946977,0.21109844358371838,0.7443385683000088,0.2548651946375945,0.10512066937092715,0.47240194284691,15.312546256203321,0.3163593632620086,0.08130923355067218,0.4886452445277461,0.14711549419623154,0.375764420399299,0.08817891467292353,0.550666314251018,0.0004520364418179576,21.082453600000008
43.0,0.42430249488513383,0.3543648240156472,1.701673655637673,0.21077091732461536,0.7376295932169471,0.2642570370143013,0.1063324235520273,0.4694449526708831,15.163251960802379,0.31844373544057214,0.08553321383617542,0.47730667061275905,0.14367169600266677,0.3795476785072914,0.09088930543863548,0.5496359771152712,0.0004520364418179576,22.299673699992127
44.0,0.4194429360463151,0.3486226602191372,1.7004628841366087,0.21129251404532365,0.7392513512500695,0.2613554105960897,0.10594454801307535,0.47039442842111645,15.15959791267443,0.3177750597959794,0.08314740657806396,0.4834027334495827,0.14621221789946923,0.37855759950784534,0.08966392616056046,0.5472447377330852,0.0004520364418179576,21.862514399996144
45.0,0.4417872417252511,0.358921487616109,1.730635111353227,0.21053622529975005,0.7322328175817218,0.2626084200372653,0.10069784728236168,0.47499240419399813,15.61449926604265,0.31285272154418176,0.07942339998704416,0.4849933253394233,0.1393138812138484,0.3822585344314575,0.08448627085055944,0.5557869875206137,0.0004520364418179576,22.11223840000457
46.0,0.4107955658276166,0.34889405626537545,1.7695206345192023,0.21073594370058604,0.7452409844845533,0.26075232664256226,0.10449505602038882,0.4755810671632395,15.224348536077535,0.31445699442857467,0.08281995190514459,0.4871963218406395,0.14080597574894244,0.39267420310240525,0.09095330395788517,0.5450892448425293,0.0004520364418179576,21.34153069999593
47.0,0.4290005699066179,0.34694367746955584,1.7177461151565825,0.21130646033478634,0.7386293546961886,0.26007331295737196,0.10412643540580317,0.46888273467057906,15.39663619515281,0.31762185036761204,0.08228895288926584,0.4797624835261592,0.14442450954363897,0.37130197194906384,0.08683820715490377,0.5535372878020665,0.0004520364418179576,22.638023500010604
48.0,0.4249806992842683,0.34490004441301736,1.7544506772288255,0.20912846723305328,0.7409481350332499,0.25665412696876694,0.10182162350828543,0.4757987268315921,15.551329606733981,0.31301144833834665,0.08114801071308277,0.4835195717988191,0.1408837758577787,0.3846589968754695,0.08456017273776936,0.5573522729693718,0.0004520364418179576,23.928211200007354
49.0,0.41981222024852677,0.34638737611073467,1.7620280454201358,0.21003015565552882,0.743023340457252,0.26043054221996237,0.10661590474206696,0.46570849868486514,15.160523612544221,0.3204537030286009,0.08365043777006644,0.4808795717027452,0.14695258782460138,0.3691135369814359,0.09043906432277751,0.54502361225632,0.0004520364418179576,21.471973799998523
50.0,0.4163796356213944,0.3458446966750281,1.7332854212394782,0.20852773596665689,0.7419588627027613,0.25747980270534754,0.10195869769690172,0.4767137683412564,15.534411544319969,0.3126224646778227,0.07988265267124882,0.49013207135377107,0.14096876978874207,0.38573907430355364,0.0861772321305185,0.5523004801768177,0.0004520364418179576,22.565581700007897
51.0,0.43107023811899126,0.3459052198034312,1.7573854023856776,0.208004455880395,0.7400764120476586,0.2580500567065818,0.10200716714439152,0.4736077710517547,15.56566691848467,0.31419969804631837,0.07861417973483051,0.4912052596056903,0.14362191236936128,0.3740776043671828,0.08501197369593494,0.553330511417029,0.0004520364418179576,22.27602739998838
52.0,0.4181300853711686,0.3477471403644553,1.725710667669773,0.20831878376858576,0.7422258558550051,0.2596874133617218,0.10121095255485871,0.4785083314907626,15.58819215402663,0.31135131053204806,0.08018205673606307,0.4904789483105695,0.1373945428774907,0.39232975244522095,0.08713573104930374,0.5508644086010052,0.0004520364418179576,21.95438340000692
53.0,0.42029718888391343,0.3465928980481944,1.7512168644794397,0.2076871163610901,0.741891664585897,0.2579615957635854,0.10670371775357228,0.47008102944811936,15.252143523977987,0.31831134415272644,0.08306486187157808,0.4844446623766864,0.14739620914826027,0.3803154551065885,0.09086387562301923,0.5435182463448003,0.0004520364418179576,24.620490800007246
54.0,0.41190132355716613,0.35145825274022563,1.7596807748611485,0.2068622750895364,0.7424400861241988,0.25971455552748274,0.10439709747362437,0.47475868800901017,15.313041255159199,0.31481920473230707,0.08303716999513132,0.4872914067021123,0.1429731914630303,0.3904547645495488,0.0883118026661423,0.544702763827342,0.0004520364418179576,22.288919099999475
55.0,0.4313345802615264,0.34882348010848674,1.7399648827101504,0.20732986341629708,0.7383308916219643,0.26059417000838686,0.10844033919040512,0.4635569014639225,15.179977129090506,0.3224417188632413,0.08537689844767253,0.4746827726010923,0.1523723189647381,0.3644186762663034,0.08883586244763068,0.5494888008765455,0.0004520364418179576,22.95631019999564
56.0,0.4076393672065543,0.3425487677034523,1.7278156174080712,0.20735618518665433,0.7442527216460023,0.2548560378407793,0.10353813381315027,0.4742698609454077,15.38574487458235,0.3146341364338713,0.08298153788955123,0.4827381769816081,0.14309593805899987,0.3842850694289574,0.08567115720712913,0.5539287531150962,0.0004520364418179576,24.009718000001158
57.0,0.4188484040953751,0.34912045878757325,1.7778670032109534,0.2058657765654581,0.7428343245493514,0.2599599946822439,0.10361445624873324,0.4720046265320208,15.365103091833726,0.3158049148583562,0.08308073436772381,0.47913142045338947,0.1429443657398224,0.3881727365347055,0.085947758746597,0.5469935120276685,0.0004520364418179576,23.15327850000176
58.0,0.4213730638979801,0.3482343331644578,1.750041009059974,0.2068279151405607,0.7397303328450237,0.2587106544524431,0.10467066554903234,0.4752289094265152,15.300276078518081,0.3147208780612586,0.08208763599395752,0.4851831241890236,0.1443643684570606,0.38536682495704067,0.08873503275637357,0.553253452732878,0.0004520364418179576,24.17324550000194
59.0,0.42683841401178924,0.35804606827774216,1.7430034343685423,0.20648903852062567,0.7369236081306424,0.2627664471843413,0.10333684555389597,0.47622140248616535,15.478928092140821,0.31355772153386535,0.08276867866516113,0.48054579452232077,0.1435564527144799,0.38536928250239444,0.08483234891351664,0.5609533561850494,0.0004520364418179576,23.269407899992075
60.0,0.4138122083220099,0.3473221375606954,1.7626157424279623,0.20421734199460065,0.7438898171697345,0.2575005958788097,0.10437184159860671,0.4721956912826442,15.358983645649076,0.31608807515798126,0.0825507331777502,0.4781514317901046,0.1454342007637024,0.38325132773472714,0.08631707474870502,0.5533937868082298,0.0004520364418179576,24.296135399999912
61.0,0.4210516168137214,0.3545962102445109,1.7776630286659514,0.20566217055810349,0.7396766024508646,0.2614101291235004,0.10387506425005835,0.47268985652323786,15.419617850825471,0.31559260386341026,0.0816760626104143,0.4818851153055827,0.1424969732761383,0.3859182229408851,0.08859971446811028,0.5484555712286031,0.0004520364418179576,22.011713799991412
62.0,0.43145236146769356,0.3477727510035038,1.7401035289679254,0.20505093304174288,0.7390422113239765,0.258706231135875,0.10385531599416672,0.4695398102766313,15.384462944366646,0.31715775285876774,0.08159550141405177,0.48077446443063243,0.14384465263440058,0.37940213771966785,0.08730030059814453,0.5465301387714889,0.0004520364418179576,23.939017099997727
63.0,0.4217735991613673,0.35058683356536285,1.7616200218243259,0.20406128812049115,0.7387829728956733,0.26088681457830326,0.10247653535327071,0.47959234729502936,15.512013945189661,0.31144209402912065,0.08107831963786373,0.48979720362910517,0.1414951063119448,0.39433457301213193,0.08599611048428517,0.5528440565433143,0.0004520364418179576,23.173078100007842
64.0,0.42017275244662805,0.3512753205639975,1.7698812958385264,0.20478941021221025,0.739754826628736,0.26245063729584217,0.10314887124787336,0.4760182758547225,15.469158244582841,0.3135652976965755,0.08227909604708354,0.4845585823059082,0.14204143102352434,0.3851766219505897,0.0862536812728306,0.5564445009771383,0.0004520364418179576,24.707798899995396
65.0,0.4204604871837156,0.3495700642732637,1.8117467063878263,0.20385493830378568,0.7394663071525949,0.2592364812402853,0.1059811475141993,0.4671288076436745,15.287954654333726,0.3194261699352624,0.08327598373095195,0.4777633614010281,0.14561082537357622,0.37707252685840315,0.09023276027643455,0.5446506851124313,0.0004520364418179576,23.53052430000389
66.0,0.4290108198599358,0.3534050047996321,1.7573171949812345,0.20388040704918758,0.7371241902666432,0.26317577373369466,0.10429774290360745,0.4744950660369681,15.40806512412785,0.3149013384333197,0.08210311222959447,0.48338454299502903,0.14373851739443266,0.387104868888855,0.08821451439047759,0.5511791841039118,0.0004520364418179576,24.455314399994677
67.0,0.4223923032488009,0.3498623476230672,1.767715894218002,0.2019524277587022,0.7400516284895795,0.257509080393772,0.10358748196056054,0.4746962673259231,15.37742067732901,0.3144456073173187,0.08371509335659168,0.47663989773503057,0.14221491951208848,0.38924602361825794,0.08593620556705403,0.5565539575972647,0.0004520364418179576,24.465651999998954
68.0,0.43025977034786983,0.3478617348508643,1.7657450261924947,0.2025225077356611,0.7403277438133955,0.25850798439101447,0.10209499365128812,0.47280050073779606,15.525597914209905,0.3146472464567461,0.08009908155158714,0.4831343756781684,0.1432400827224438,0.38283029427895177,0.08413715744918247,0.5505443519016482,0.0004520364418179576,25.04446309999912
69.0,0.41832926789564745,0.3517458665716861,1.7347777847732817,0.2021505446838481,0.7404142732598952,0.26154548501861946,0.1045348419333404,0.46594207691696454,15.36513572069084,0.3192963825081879,0.08051472460782086,0.47863150967491996,0.145172295662073,0.37745412496420055,0.08913746195019416,0.5398316428346454,0.0004520364418179576,24.73154950000753
70.0,0.4291330617852509,0.3545315106665449,1.7356201149523258,0.20177744209234202,0.7343641091138124,0.26420041639357805,0.10095067144189991,0.4767582431529303,15.635209953260121,0.31209621414448485,0.07986254272637544,0.4874921904669868,0.13945420888754037,0.38478687634834874,0.08465963714527634,0.5560578805095745,0.0004520364418179576,24.130893699999433
71.0,0.41692994428532465,0.35560754699898617,1.7321148653115546,0.20120098628103733,0.7397628163120576,0.26438406568818856,0.10457710949879773,0.46596091648317733,15.37323842558471,0.3193080965078102,0.08210003596765024,0.4765931147116202,0.14616419260318464,0.3721590179663438,0.08667585872254281,0.5471601126328954,0.0004520364418179576,23.858048800000688
72.0,0.42605661913486464,0.359752794594637,1.7218795684831483,0.20215558992432697,0.7332337056951863,0.2671414950995573,0.10374911776128805,0.47482555317428876,15.435541116966391,0.31446178229349964,0.08290632013921384,0.4818781305242468,0.145084213752013,0.3822829585808974,0.0844299871966524,0.5584363802424017,0.0004520364418179576,24.462681499993778
73.0,0.43552817181417985,0.3646853791682848,1.737914830180151,0.20216550159135036,0.7314082666167191,0.26624705529372605,0.1043945498436502,0.47181484534305596,15.285941645784199,0.3162898522502971,0.08206501271989611,0.4787061832569264,0.14171123733887306,0.38654332436048067,0.09053280555977011,0.5484561335365727,0.0004520364418179576,24.528104400000302
74.0,0.42325469685186234,0.3567242393536227,1.7329106070101261,0.2012977884816272,0.7382764262812478,0.26341768613617333,0.10413232539434852,0.4694264549879158,15.373124032650354,0.3173529352032164,0.08217284193745365,0.4785204728444417,0.14496544691232535,0.3759798453404353,0.08644345683871575,0.5518443089611126,0.0004520364418179576,24.8601570000028
75.0,0.4219309266523591,0.3514297030467008,1.750010870397091,0.19991187751293182,0.7403236643544265,0.25962629042831914,0.1039696639438845,0.47342567323888624,15.398834804318986,0.31527199535249917,0.08210896231510022,0.4821998719815855,0.14378154965547416,0.38639777440291184,0.08718211133525057,0.5498717955823215,0.0004520364418179576,24.63011950001237
76.0,0.4320132534152695,0.35824630971598836,1.7171775395316737,0.1997388188860246,0.7332292348146439,0.2658251872884908,0.10546149997591223,0.4669359255136934,15.341304179257566,0.31926278723110946,0.08173266053199768,0.48183264555754485,0.14696578337596014,0.36978394710100615,0.08891687415680795,0.5470770035149917,0.0004520364418179576,24.58776520000538
77.0,0.4186217600612768,0.356221792953355,1.7473562274660384,0.19906099872397526,0.7387569256659064,0.2608907816798559,0.10486547002252543,0.47499714857377345,15.234908001977693,0.314934160724376,0.08294007844395107,0.4843396345774333,0.14436621620104864,0.38719818225273717,0.08844909015691506,0.5516207623031905,0.0004520364418179576,25.22264369999175
78.0,0.43755627383611034,0.3629597601746874,1.7314987368881702,0.19948928470590285,0.7320755791983434,0.26728845460872563,0.10311885299922535,0.4725039800008138,15.445538982655266,0.3153074364992058,0.08048324452506171,0.4849955682401304,0.1427341218178089,0.3816658395987291,0.08731373863400153,0.5489009281374374,0.0004520364418179576,25.122266699996544
79.0,0.43205588763313635,0.3613061167831932,1.714609146118164,0.1996153832546302,0.7344263571181467,0.26577127126178574,0.10365413119957882,0.4700445978896423,15.432111632149175,0.3168047666549682,0.08269386048670169,0.4793411714059335,0.14478847842950088,0.37918826708426845,0.08465164787364456,0.5497147002310123,0.0004520364418179576,24.790260500012664
80.0,0.4275706774954285,0.35611915801252636,1.7059088737836905,0.1992562414546098,0.7341925084058728,0.26581175685194985,0.10483473201967636,0.4728860435245922,15.23873133629373,0.3159743442475421,0.08272500722496598,0.48186311898408113,0.14444591678105867,0.38719090590110194,0.08849782538863848,0.5478178015295064,0.0004520364418179576,25.409440499992343
81.0,0.4271948694783662,0.36713148636876475,1.7552677526005678,0.19808857595281942,0.7354061912213053,0.2661799233672874,0.10512497739971809,0.4698930116569471,15.258109806468651,0.3176159828713855,0.08415740066104466,0.47761283980475533,0.14487979274529678,0.3790616989135742,0.08748344092998865,0.5511449957793614,0.0004520364418179576,24.075001800010796
82.0,0.4391100487139608,0.3632483208285911,1.7444742401795728,0.1990298285548176,0.7313470513160739,0.2652965148112604,0.10239635323578457,0.47504387261732567,15.506682773806014,0.31367624030922947,0.08024247156249152,0.48545384407043457,0.14271287963940546,0.3852846301518954,0.08541240332261571,0.5525030954828802,0.0004520364418179576,25.717411899997387
83.0,0.42928338361837504,0.3626995458533721,1.7256552294961043,0.1977772479876876,0.7331149969249964,0.2675731494091451,0.10398329728804294,0.4714005068413117,15.35293982163915,0.31629139522336563,0.0827372427339907,0.47631706131829155,0.144413757782716,0.3809075630628146,0.08596260255237795,0.5551767439212439,0.0004520364418179576,24.55210720001196
84.0,0.43979148876055013,0.3709430611426277,1.7354514268892152,0.1978204111967768,0.7312190205390964,0.26962219338331905,0.10354764506501972,0.4750567082339113,15.404172309539604,0.31424546841555423,0.07983192139201695,0.48778971477791117,0.1459005085321573,0.38149914833215565,0.08615707901288878,0.5538757971997531,0.0004520364418179576,24.548386599999503
85.0,0.4351567245820271,0.3628073526280267,1.72372631835086,0.19760781726134674,0.7311670601900134,0.26863847613068564,0.10538041066823516,0.47408541793343406,15.290265545155266,0.3156474963674005,0.08304165248517636,0.48424950352421514,0.147660127052894,0.3793526521095863,0.08665867121714466,0.5566749032938255,0.0004520364418179576,25.527723400009563
86.0,0.43295266778607455,0.3699204945670707,1.71893374728305,0.19732614513486624,0.7315436971506902,0.2679302672456418,0.10404212669756427,0.4752383981860659,15.477836560903105,0.3144018642557492,0.08279739485846625,0.48335161915531866,0.14554628271322984,0.38346325434171236,0.08496663930281154,0.557015670920318,0.0004520364418179576,25.222316999992472
87.0,0.43826906048759284,0.37602674023115207,1.715735528085913,0.197154763952962,0.7281824528638806,0.2716501866068159,0.10708874876394212,0.46870435558774937,15.237427141681406,0.3191921965880964,0.08353572752740648,0.4794037871890598,0.1514486441245446,0.3745324153166551,0.0875632515493429,0.5501981546294015,0.0004520364418179576,26.144059300000663
88.0,0.43784574176450924,0.3725256651440369,1.75078709051013,0.19639898131468467,0.731405021622777,0.2704312805019851,0.1044928952582977,0.4741013005094708,15.26704953751474,0.3151957973744135,0.0847490617522487,0.4823541552932174,0.14229403550808245,0.387591893856342,0.08752134498560203,0.5505698671880758,0.0004520364418179576,24.812383599986788
89.0,0.4345248357858509,0.36436937656253576,1.7157817190246922,0.19604223354586534,0.729293965069311,0.26724538765847683,0.1065460076122164,0.4643575740310381,15.17657317155562,0.32109421679058914,0.08390567479310213,0.47265177302890354,0.1488618002488063,0.36765318650465745,0.08809613844133773,0.5507866436580442,0.0004520364418179576,26.460077299998375
90.0,0.4324665320704558,0.3695010582118162,1.7006230945033687,0.19639293383806944,0.7284203632069486,0.2721414407049971,0.10427833952993718,0.4703619855005036,15.3662560420966,0.31695817701471674,0.08301746845245361,0.47894590430789524,0.1460153300028581,0.3750654138051547,0.08499086015629319,0.5551146651214024,0.0004520364418179576,25.31779079999251
91.0,0.4567053022993995,0.3756062881355839,1.7066177284078938,0.19628844649663993,0.7231129218957254,0.274094024207443,0.10188410417088922,0.4748048722369116,15.54784407705631,0.3135396159669888,0.08019046430234555,0.4844912158118354,0.14240661951211783,0.38213474933917707,0.0842291015499043,0.5558573974753326,0.0004520364418179576,24.452503300009994
92.0,0.4375690130982548,0.3678716814278492,1.678980830524649,0.19493590242096356,0.7310733683407307,0.2694935420128916,0.10182892601445036,0.47905446898262455,15.629977628120086,0.3113872285159129,0.0797115288398884,0.4937500026490953,0.1434292862048516,0.38254110171244693,0.08354819045876558,0.5587740034427283,0.0004520364418179576,26.12011459999485
93.0,0.4269580720657749,0.3675182367275868,1.7100357886935984,0.19546463446957724,0.7325862489108529,0.2700502265111676,0.10575416552945503,0.4700607803632628,15.282428093676296,0.3178466925830961,0.08372017520445364,0.4798320664299859,0.14892416046215937,0.37495763485248274,0.08584843041761867,0.5534138724489032,0.0004520364418179576,25.811129099995014
94.0,0.44401674724317025,0.3745543169789016,1.7156228529555457,0.19386875157111458,0.7257412235651698,0.2724128826521337,0.10638499859743898,0.46471213694638425,15.220591419147995,0.3208364308255274,0.08315372356662044,0.4762448690555714,0.1495839380300962,0.36511356555498564,0.08767072772080044,0.5506811501844874,0.0004520364418179576,25.867317399999592
95.0,0.43140888566683444,0.36808934927518877,1.6536102082048143,0.19402089275951898,0.7280939655112368,0.2723485568006124,0.10264539118832762,0.4770796373955109,15.485008575631388,0.3127828768964084,0.08095509807268779,0.4876772474359583,0.14145819957439715,0.38684319532834566,0.08666444049691255,0.5548159221433243,0.0004520364418179576,26.090505399988615
96.0,0.44378322938324083,0.3799333495886198,1.7153113979314054,0.1948792426181691,0.7246121612510511,0.2772247026275311,0.10747938486015272,0.4678209772649801,15.104271846747249,0.3198292037975863,0.08678891151039689,0.47135666564658835,0.1487729664032276,0.37856117578653187,0.08804580288113288,0.5517942410595013,0.0004520364418179576,26.1322433000023
97.0,0.4431566272063979,0.36732784532276647,1.6871782434838158,0.1937340165355376,0.7271457077669246,0.27156744425051976,0.10521297784721327,0.4743761866347595,15.23465733558127,0.31541839560622686,0.08493324783113268,0.48217614491780597,0.14487820175977853,0.38509816848314726,0.08695852194192275,0.5540225550813495,0.0004520364418179576,26.635240999996313
98.0,0.443766348396561,0.3786764930534576,1.6827248308275427,0.19281254974859102,0.7223642258239644,0.2758999222091266,0.10626565585346343,0.4689351747620781,15.30415833671138,0.3186652405456927,0.08486699285330596,0.4770181929623639,0.14861127734184265,0.37093610488451445,0.08652142308792977,0.5568496416199882,0.0004520364418179576,25.486044799996307
99.0,0.4416426337723221,0.3809411672077009,1.7057038423206126,0.19281843304634094,0.7245169178183589,0.27623791586873786,0.10517787483503234,0.4720894075789542,15.285087153596699,0.31654423362803913,0.08261317345831129,0.48399239116244847,0.14506583718153146,0.3826523285645705,0.0890329693848232,0.5477114308555171,0.0004520364418179576,26.26399870000023
100.0,0.44246167523254243,0.3795966643041798,1.706893871405295,0.19242762907275132,0.7250667733273336,0.2757173481929515,0.10323308548837337,0.4731337049472257,15.443379144248722,0.31504969027057383,0.08134274350272284,0.48375924428304035,0.14485306923206037,0.37959648554141706,0.08470175288758187,0.5540800814358693,0.0004520364418179576,26.028643300000113
101.0,0.440925199837823,0.3835632024066789,1.7067225027297224,0.19146535904811962,0.7233988773077726,0.27512854118166225,0.10502518797820469,0.4698332000828389,15.295180602643475,0.3175959939476829,0.08444989610601354,0.47727108001708984,0.14521476855644813,0.37608924278846156,0.08655739617797564,0.5542301591837181,0.000447516077399778,25.269848000010825
102.0,0.4370994651523818,0.38103147256853326,1.7091794053890876,0.19315645271646126,0.7273449780685561,0.2730831912319575,0.10339355768647583,0.471642608162742,15.429420903043926,0.3158754747618669,0.08143482605616252,0.48268351289961076,0.1443211963543525,0.37832836921398455,0.08561118706217352,0.5519469684025027,0.00044299571298159847,26.086217900010524
103.0,0.44178412335791756,0.3775817731927548,1.6694165473537785,0.19229708186217717,0.7231520720358405,0.2768590170224862,0.10419772555993038,0.47445709900286215,15.447811678520539,0.3148703132785341,0.08119289852954724,0.4836149613062541,0.14291808467644912,0.3853236436843872,0.08964681737827805,0.5525781523506597,0.00043847534856341887,25.735957199998666
104.0,0.4396696683751153,0.3733247635619981,1.693244037351438,0.19170883098351105,0.7250367812812328,0.2737147059025509,0.10427809211443055,0.4718611495299909,15.347697323973074,0.3162084712922198,0.08064876662360297,0.4848946244628341,0.14705598583588234,0.3751292687195998,0.08638248016249458,0.5534885244549446,0.0004339549841452393,24.241350399999646
105.0,0.45181162665332003,0.3846541243339224,1.6722900399139948,0.19054085974182403,0.7203474058104413,0.2776916239942823,0.10400446555899374,0.47279822751411105,15.378625066025451,0.31560311902244137,0.08144848655771326,0.4850076127935339,0.14493047503324655,0.37955939311247605,0.08683221295194805,0.5518381280719109,0.00042943461972705973,27.52007009999943
106.0,0.43667256299938473,0.3827838610325541,1.65955008992127,0.19067018904856273,0.7232352018888507,0.27759679267182946,0.10666132273164185,0.4664747969909284,15.18874085624263,0.3200932628703567,0.08542381723721822,0.472898593655339,0.1493831597841703,0.36959564685821533,0.08638376334928116,0.5549810742432216,0.00042491425530888013,25.515185800002655
107.0,0.4450098019359367,0.38290244048195227,1.6553012771265847,0.189866581532572,0.7233379757297891,0.27647306078246664,0.1032232533460893,0.4747145430846784,15.40889620031201,0.31425435513070543,0.08189576864242554,0.48460751551168935,0.14355935270969683,0.38235098123550415,0.08537810478570326,0.5552557549386654,0.00042039389089070054,25.312674000000698
108.0,0.4419306077595268,0.3781954384674983,1.670301880155291,0.19017765863931604,0.7239799704402685,0.2771172039876027,0.10250059163795328,0.4744201936062027,15.506404852717178,0.3140401990158753,0.08135142039369654,0.48138550475791647,0.1440587960756742,0.3794494087879474,0.0832747018562173,0.5605023492057368,0.000415873526472521,26.06809419998899
109.0,0.4363030698815627,0.38207993816052166,1.638924725885902,0.1898163581000907,0.7216919311987502,0.2792814314099295,0.10387597593871302,0.4679254135995541,15.38404702240566,0.31797528116957946,0.08177711014394407,0.4801013204786513,0.14571949381094712,0.37063897573030913,0.0853377861796685,0.5509706308256905,0.00041135316205434145,25.891334999992978
110.0,0.4545528599327164,0.38852624016414794,1.664401484919446,0.18913702560322626,0.7169373450534684,0.2798806737576212,0.1020896779666157,0.47854693430774614,15.522098565251572,0.31177137182943476,0.08094007328704551,0.4867555653607404,0.14287114831117484,0.3874965447645921,0.08362631865267484,0.5595158810885448,0.00040683279763616186,25.46700289999717
111.0,0.4385672929430647,0.3734362950615053,1.6888152094823974,0.18850040262831108,0.7266755873071296,0.27489679529597716,0.10452858457025492,0.4732066880232133,15.274676436898094,0.3156609482735208,0.0817161257620211,0.4854073303717154,0.14619905673540556,0.3792895216208238,0.08688723703600326,0.5529210027658714,0.00040231243321798226,23.38863990000391
112.0,0.4463554562202522,0.3793633000126907,1.6632185216460909,0.18813900596329144,0.7221448847225734,0.2761128780298999,0.10478420377527393,0.47424813036648733,15.354004290118906,0.3152680367043933,0.08199174536599053,0.4852570339485451,0.1489269366631141,0.37897616166334885,0.08469685855901467,0.5565058780166338,0.0003977920687998027,25.917070099996636
113.0,0.43978160626388024,0.37767032467361006,1.659506719559431,0.18819812605423586,0.7226308137178421,0.27763831948063206,0.10195931248694846,0.48190938601703764,15.525724590949292,0.31002496323495543,0.08029575038839269,0.4919030489744963,0.1420366924542647,0.39129178799115694,0.08471041018108152,0.5606349909080649,0.0003932717043816231,25.413613199998508
114.0,0.44330438279679846,0.38250800940607277,1.6344236763460296,0.1877067552081176,0.7212999455098595,0.2814951463203345,0.10527134841343141,0.4688689033940153,15.284614610971895,0.31820122250970806,0.0837014670725222,0.47596918212042916,0.14769427592937762,0.37121893809391904,0.08562571035241182,0.5574421522752294,0.0003887513399634435,24.87590059998911
115.0,0.43876506657605724,0.3733592416558947,1.6490028846476759,0.18723498258207524,0.7235086166432926,0.2735011750566108,0.10245898084820441,0.47596866679641436,15.503479963578519,0.313245157025895,0.08112302643281442,0.48366301148026075,0.1438466218801645,0.38526111382704514,0.08359077179206992,0.5571252175097196,0.000384230975545264,26.31400849999045
116.0,0.44355912087485194,0.3904534966817924,1.6831645082150186,0.1869984353626413,0.7204306221434048,0.2814912217270051,0.10615913822965801,0.46926853491825127,15.138253841760024,0.3184453016557034,0.08536415629916722,0.4745244096826624,0.14684801606031564,0.3793916289622967,0.08742532415210076,0.5520946124814591,0.0003797106111270844,24.30779600000824
117.0,0.4413279238423066,0.3817267825028726,1.6256807616778783,0.18647824653557368,0.7203530192907367,0.2784762425082071,0.10583455157729815,0.4683417854069164,15.178830704599056,0.3187463830851909,0.08403179270249826,0.4716081001140453,0.1482523404634916,0.37357585246746355,0.08643121989268177,0.5579917115985222,0.0003751902467089048,25.925329399993643
118.0,0.45039012948317186,0.38286694904257146,1.6127746379269021,0.18650685397109815,0.7193392304969686,0.2798395158856043,0.10368222260625108,0.4725763093000688,15.407819064158314,0.31555295665309113,0.08294486668374804,0.4761192975220857,0.1444284296952761,0.3813732954171988,0.08483342292173854,0.5584486205622835,0.00037066988229072525,26.133059899992077
119.0,0.4444385987174298,0.38454914897946374,1.6306089801447732,0.18594110717198678,0.7205449747187751,0.2786609534440296,0.10263806319086806,0.4740741657760908,15.485571903252751,0.3142819487073887,0.08006814232578983,0.4868715559994733,0.14323949813842773,0.38087857228059036,0.0857984592329781,0.5524724924339438,0.0003661495178725457,26.144593799996073
120.0,0.4342312146909535,0.37964406117264715,1.6202014008803027,0.18517915824694292,0.7220392671546766,0.27901968147073475,0.10518094278731437,0.4724644894869822,15.30886015502162,0.31635822665016605,0.08243993918100993,0.4808007434562401,0.14788960493527925,0.3781921863555908,0.08644817010411676,0.5564645191408554,0.0003616291534543661,26.716548800002784
121.0,0.44935539338205543,0.38494849358020083,1.6391196405248982,0.1851793737815959,0.717960013076663,0.2813933917454311,0.10343039260720308,0.4732455187623606,15.437612281655365,0.3150924369224213,0.08061695430013868,0.48630691899193657,0.1466889243859511,0.3732666510802049,0.08423193783130285,0.5580301194820764,0.0003571087890361865,27.191709699996863
122.0,0.4390115866304508,0.3771422489413193,1.621788145176002,0.18491274896743043,0.7216501166777951,0.27834769218627897,0.10302418882741868,0.4765223377155808,15.438013040794516,0.313250925555919,0.08177249630292256,0.4855335862548263,0.14422616133323082,0.38508834747167736,0.08425228213364223,0.557049850247941,0.00035258842461800697,26.155535800004145
123.0,0.43933667954323546,0.3876600268163851,1.6386110596358776,0.18479617139590637,0.719666780105659,0.28137058418776306,0.10230062742653133,0.47441259420142984,15.527459294541076,0.3139440166125507,0.08089572080859432,0.482699124901383,0.14392278286126944,0.38240825212918794,0.08327255833823725,0.5562381564446215,0.00034806806019982737,27.66862310000579
124.0,0.44302925573928015,0.3913988529571465,1.6409075446426868,0.18406287673860788,0.7184766331421477,0.28168125956186224,0.10305084372466465,0.47998039077662824,15.390944762799725,0.3115352264740182,0.08261532584826152,0.4836591084798177,0.1429920196533203,0.3941187629332909,0.08468436857439438,0.5604738469393749,0.0003435476957816478,27.293904699996347
125.0,0.44605523707079037,0.3842377767765096,1.6201589283134257,0.1841584208554455,0.7164969782211951,0.27855650328898,0.10306646089133976,0.47538387850395536,15.442886256571835,0.3138412911936922,0.08135693934228685,0.48472990813078703,0.14389218046114996,0.3839522691873404,0.0851301742049883,0.5555679933080133,0.00033902733136346823,27.607186699999147
126.0,0.43298693034531816,0.37906607759318184,1.6178244086248534,0.18363533727824688,0.7230730054101774,0.2802909616647022,0.10378583572195761,0.47341266368170204,15.412589019199586,0.31518658602012783,0.08224862151675755,0.47926393261662237,0.14557443444545454,0.3809501299491295,0.08472927336422902,0.5581689330766786,0.00033450696694528863,26.93298450000293
127.0,0.4436367600491004,0.38221992385972825,1.6045915367347854,0.18361492388482606,0.7187925944370883,0.2809399655754013,0.10362209314070407,0.4748499708355598,15.342753668251278,0.3143860611525721,0.08357447496166935,0.47652094452469435,0.1434835012142475,0.38398631719442516,0.08493865773362934,0.5622967684044028,0.00032998660252710904,26.292842299997574
128.0,0.4391554927985583,0.3847738302179745,1.6120299345680646,0.18330364221973078,0.7191864991826671,0.2811542829897787,0.10494656832713001,0.47166504649996005,15.224268883279285,0.31664076091358495,0.08449256972030357,0.4723785100159822,0.14463042525144723,0.38523733615875244,0.08685138652909477,0.5557351292304273,0.00032546623810892944,27.7090704000002
129.0,0.4482897390012762,0.3895051270457251,1.6169710765991891,0.1827980639146907,0.7158685632582221,0.2854079458463405,0.10355667198229136,0.4760291321472552,15.404894175019654,0.3137637699175181,0.08195708747263308,0.4834684795803494,0.1457163508121784,0.38374653687843907,0.08419957813226951,0.558990829395798,0.0003209458736907499,26.332850599996164
130.0,0.4372215212455818,0.38030760309525896,1.622544314712286,0.1828965451568365,0.7185796235821077,0.2784551407343575,0.10262900478435012,0.47182973825706626,15.4649711944772,0.31539963326364195,0.08147730429967244,0.47430164725692187,0.1446305926029499,0.37819414413892305,0.08297068780323244,0.5611800517676011,0.0003164255092725703,26.592812299990328
131.0,0.43833907820018275,0.3843972764110991,1.6095981997038638,0.1824527389502951,0.7191250614289727,0.2835216930668269,0.10274073762713738,0.47895038052924777,15.431044284652614,0.31189517854894483,0.08211057164050915,0.4817809528774685,0.14279519823881295,0.3950281785084651,0.08446144045523878,0.5584052013901045,0.0003119051448543907,26.247889999998733
132.0,0.44013094349897336,0.3849054940843156,1.5919791486646448,0.1823904538261039,0.7163113371602127,0.2827432022563049,0.10245571796249293,0.47954201848252015,15.45610938881928,0.31145684973998644,0.08155456847614712,0.4845653110080295,0.1427347637139834,0.3938398315356328,0.084232157131411,0.5585090619213177,0.00030738478043621116,25.866420700011076
133.0,0.4374545686878264,0.3864029302660908,1.5882519254727023,0.18166126623483642,0.717259392408388,0.28486948926001787,0.10339442888895671,0.47508444276245887,15.41653308028695,0.3141549930632489,0.08200322809042754,0.47839264074961346,0.14448722050740168,0.3868587062909053,0.08487178806988697,0.5582749438735674,0.00030286441601803157,27.06801840000844
134.0,0.43991322070360184,0.3891675586679152,1.5868022218346596,0.18223498043205058,0.7131768025990043,0.2847757500463298,0.1021338108950441,0.47903074108579624,15.509830690779776,0.31155153490462395,0.08168289286118967,0.4798871941036648,0.14186467574192926,0.39382222524056065,0.08398937054400174,0.5617589140838047,0.00029834405159985197,26.258201400007238
135.0,0.43183008887405905,0.3846673079367195,1.5930064836783069,0.18142532504030637,0.720651310469423,0.2840052883672927,0.10497628367921841,0.4724256047662699,15.31832329132272,0.3162753394564743,0.08282497966731037,0.4791884113241125,0.14827770223984352,0.3785241016974816,0.08506113065863555,0.5576649656835592,0.00029382368718167243,27.20902819999901
136.0,0.44152602466887664,0.38061000859098776,1.5949811962034022,0.18137277250311204,0.716219143143722,0.28030810106013504,0.10345833556457136,0.4749172138717939,15.43836504858245,0.31427056084638877,0.08297746821686074,0.47871042180944373,0.144994692160533,0.384750104867495,0.08357298374176025,0.5595182472804807,0.0002893033227634929,27.23465369999758
137.0,0.44698618525373085,0.3885322505874293,1.601458984294108,0.18125410471111536,0.7144577984831163,0.28480400843545794,0.1019479643623784,0.4800454745502592,15.560867789406446,0.31095124490605963,0.08101531642454642,0.486253888518722,0.1421681848856119,0.39170268865732044,0.08381423410379661,0.5603958075901248,0.0002847829583453133,27.01325440000801
138.0,0.4498370682953724,0.39021998710398165,1.583873278860535,0.18098518904298544,0.7136996260711125,0.2859021751875324,0.10323244520703202,0.47851459335231183,15.402139723675806,0.3123589259273601,0.08185216453340319,0.4845149649514092,0.14473364215630752,0.3878312890346234,0.08429796403309084,0.5613733057705861,0.0002802625939271337,25.89392499999667
139.0,0.43884574382432867,0.3831252153031528,1.586187637278012,0.18021480506286025,0.7183916504893985,0.2839296900534204,0.10421484971196397,0.4753745516891,15.312952389507174,0.314420149011432,0.08404374343377573,0.48038525934572573,0.14540793804021981,0.38499454810069156,0.0843506747821592,0.558944045372729,0.00027574222950895415,27.046928700001445
140.0,0.4496125422551164,0.38723172646548065,1.5638692857963699,0.18034691603056022,0.7126776458961623,0.2857997942981975,0.10193255412503609,0.4783468426398511,15.511498217312795,0.31179285574259247,0.08008321788575914,0.4846759769651625,0.14361316424149734,0.3865560843394353,0.08329995735636297,0.5619571973692696,0.00027122186509077455,27.013863600004697
141.0,0.4433464370002704,0.3894170504063368,1.5884730714772428,0.17963634338229895,0.7148407508752176,0.28415571924831184,0.10377396127712801,0.4746293481790794,15.368574034492925,0.3145723065490243,0.08211965914125796,0.47995573061483876,0.1458208033671746,0.38182865656339204,0.0845833364522682,0.560252234620868,0.000266701500672595,24.778619899996556
142.0,0.43823316314124633,0.3860226535637464,1.5851818099617958,0.17968009365722537,0.7173712815025023,0.2832674547098577,0.10280607181525081,0.4770101211355917,15.43340431069428,0.31289797533982955,0.08218871884875828,0.47933725074485495,0.144388891183413,0.3858444644854619,0.08301418682314315,0.5640846288429117,0.00026218113625441547,26.25969740000437
143.0,0.43481014130104867,0.3817962096737964,1.5644001503075873,0.17972169889669334,0.7178758356188025,0.2837310479953885,0.10250621921611282,0.47905216576918114,15.497866264679146,0.31172702672346586,0.08133129499576709,0.48415961971989385,0.14385720858207116,0.3885621657738319,0.08350988828910971,0.5626309502799556,0.00025766077183623587,26.646105499996338
144.0,0.44884178621162263,0.3893977160166417,1.5867577248385973,0.1790470639243722,0.7140215486288071,0.28494075991745504,0.10282643636067708,0.47685137934654764,15.43031320631879,0.31298752850706474,0.08288709432990463,0.4805264605416192,0.14375881736095136,0.3863937029471764,0.08298191709338494,0.5618578892833782,0.0002531404074180563,27.10393599999952
145.0,0.432642844372562,0.3776895141761218,1.5781141040580613,0.17916965943628124,0.7188604335699763,0.28029278333165814,0.10444383501256786,0.4749146947320902,15.31738972214033,0.31476457014023884,0.0841052167945438,0.4758253539050067,0.14681016711088327,0.3870365069462703,0.08359923565162802,0.5602069665800851,0.0002486200429998767,26.47109439999622
146.0,0.4394987127078431,0.3927747842722705,1.5878016320722443,0.17889719722526415,0.7163441574999264,0.2862917647164847,0.10243884272545388,0.4784406086183944,15.44207610124312,0.3119991170535298,0.08223771276297392,0.4814047062838519,0.14319660342656648,0.39039081793565017,0.08303237861057497,0.5618090899485462,0.00024409967858169714,26.76673020000453
147.0,0.437240087626768,0.38042024509715183,1.5597115100494452,0.17868498619645834,0.7166936740811382,0.2832104977486389,0.10293298997219254,0.47552684568009285,15.427579483895931,0.31370307214604987,0.08204108697396738,0.47945774926079643,0.14454561242690453,0.3817629905847403,0.08339160455847686,0.5635164638735214,0.00023957931416351754,25.9055406999978
148.0,0.43852752689937397,0.3791365954093635,1.5707481013877052,0.17819621334118502,0.7160036241901773,0.28175895042451365,0.10291795910529371,0.47654208297249656,15.411295956785574,0.31318793806639855,0.08293395903375414,0.4765191431398745,0.14364037605432364,0.388595319711245,0.0833249496963789,0.5628529044817079,0.00023505894974533797,26.61655370000517
149.0,0.4433914218097925,0.3857360099043165,1.5352317371538706,0.17786113059680378,0.7132473231426307,0.28616996282445534,0.10286210767877926,0.4789311630920794,15.430249100211281,0.3119654722933499,0.08235920910482053,0.4821596763752125,0.14446755555959848,0.38721893842403704,0.08293141396540515,0.5656235353002008,0.00023053858532715837,27.45646339999803
150.0,0.4364728591670947,0.3872582321720464,1.5741215225841318,0.17770073403205192,0.7165995304073606,0.2853628850675055,0.10183806689280384,0.48054544580807473,15.535603457276926,0.3106463105423646,0.08135166764259338,0.4850476450390286,0.1431301488326146,0.3909046145585867,0.0821980080514584,0.5639077762387833,0.0002260182209089788,26.965181299994583
151.0,0.43852736548121485,0.3844818194130702,1.5461783967912197,0.17771018935101374,0.7146472981465715,0.2860864700882563,0.10285129037293249,0.4760133755282036,15.459100879213345,0.3134189574223644,0.08204566438992818,0.48030860335738573,0.14482357868781456,0.3826000736309932,0.08286912261315112,0.5632878969300468,0.00022149785649079923,26.004289799995604
152.0,0.4372799204928534,0.3861917157524398,1.5435622254652637,0.17771724651434592,0.7146914343216589,0.28628541050212725,0.10320719532996604,0.47564051886024716,15.427100031630799,0.31378333823485943,0.08215986909689726,0.48117625271832504,0.14487130137590262,0.3822129735579857,0.0837736557114799,0.5616650671329139,0.00021697749207261964,26.653492299999925
153.0,0.4389657095473792,0.38695103848086937,1.539716192654201,0.17785909785223858,0.7142545873565334,0.286072075633066,0.10418238579852027,0.47484471063194034,15.340404966342374,0.31466883758328995,0.08346298778498615,0.4778835552710074,0.14602713630749628,0.38301847531245303,0.08423748556173073,0.5618422076387225,0.00021245712765444007,27.006465900005423
154.0,0.43421908135392834,0.3800433976575732,1.5430138877459936,0.1770139043884618,0.7168144849794251,0.28332439630425404,0.10255252340304777,0.4754676578929589,15.49048753654432,0.31354243275504445,0.08089421744699832,0.48212151174192075,0.1435872522684244,0.38581196619914127,0.08435898906779739,0.5566523030119123,0.00020793676323626047,26.425809299995308
155.0,0.4372117880598775,0.38112802164895193,1.544234679213592,0.17628711967595986,0.7159758005291224,0.283404540403613,0.10251219017700579,0.47691689497269923,15.497211576257861,0.3127976476021533,0.08153867831936588,0.4823052706541838,0.1447221155350025,0.3819771042236915,0.08246792599839985,0.5645753662541227,0.0002034163988180809,27.253849600005196
156.0,0.4278192310594022,0.38144170253404547,1.5452626469944204,0.1762145206864391,0.7185649861182485,0.2844550469890237,0.10276341888139832,0.478414349585959,15.453344381080484,0.31217453464771966,0.08226916856235927,0.4810713220525671,0.14394710614131048,0.3913339147200951,0.08323771211336244,0.561144693842474,0.00019889603439990133,26.53744359999837
157.0,0.43944242716367754,0.3889763228861349,1.547728540641921,0.17649948650172778,0.7115609893309218,0.28536116504775627,0.10146402263041562,0.47933573692849596,15.559616184834415,0.31106414285095985,0.0807112885846032,0.48234581064294885,0.14227250218391418,0.39097140385554385,0.08256980383171225,0.5629659868636221,0.0001943756699817218,27.972173500005738
158.0,0.4304702250686075,0.38474402603294167,1.5559884293803148,0.17660256940871477,0.7172972653061152,0.28440224432519506,0.1025258130247488,0.4780727302503286,15.489467788792256,0.3122265413872101,0.08150626222292583,0.4836359907079626,0.14376464027624863,0.38858893284430873,0.08348121845497275,0.5601998994935233,0.00018985530556354222,27.008093700002064
159.0,0.4345245688621487,0.38443530244486673,1.5178489983081818,0.17584932495706848,0.7137284481099674,0.28703064591224703,0.1019244209025641,0.4797694368182488,15.507799448457154,0.3110774920421576,0.08101581312991955,0.48437816125375255,0.14207060978962824,0.3911119240980882,0.08383881708361068,0.5620584577884314,0.00018533494114536262,26.88618059999135
160.0,0.4406849150545895,0.38225627770381315,1.5344319716095924,0.1755689002706536,0.7142160864812988,0.28532613321606604,0.10274926371544411,0.4776637239276238,15.44761436990222,0.31254276989391017,0.08225605664429841,0.4806926427064119,0.14392027717370254,0.3868426818114061,0.08323492756429708,0.563685084288975,0.00018081457672718305,27.506995999996434
161.0,0.44001309147902895,0.3836909644305706,1.5403022356331348,0.17629101506567427,0.7138575376676661,0.28439630288630724,0.10205477138735214,0.4783001066003955,15.506809834414309,0.31187733239347826,0.08119151106587162,0.48328105608622235,0.14363388831798846,0.3867314870540912,0.08251706721647731,0.5630661226668447,0.00017629421230900348,26.49094820000755
162.0,0.43757652305066586,0.38598265099738327,1.539313935807773,0.17552189748468144,0.715923487874014,0.2859830981386559,0.1033522183040403,0.47602311020377297,15.38202863969143,0.31366455405013366,0.08284094046663355,0.4800213972727458,0.14497860807638902,0.3836104915692256,0.08340951631653984,0.562618372575292,0.0001717738478908239,27.9601696000027
163.0,0.4383029398242278,0.3893139576539397,1.52456838956901,0.17566125666988747,0.7117677618350301,0.28837179226268617,0.10117047087951277,0.47880431241209404,15.58380760336822,0.3111830792337094,0.0802502974315926,0.48421559510407625,0.14234691629042992,0.386872071486253,0.0820858287361433,0.5634885644013027,0.00016725348347264432,27.89749039999151
164.0,0.4302150505328817,0.3822425142196672,1.521829724844013,0.17506089487246104,0.7154903369290488,0.28597378611032453,0.10279722783550527,0.4756784619025464,15.462245341366941,0.3135593829664794,0.08115321508160343,0.4805648680086489,0.1446893306878897,0.383028310078841,0.08374792674802384,0.5616019176986983,0.00016273311905446472,26.40244320000056
165.0,0.4297728404801871,0.38346095183598145,1.536636077931949,0.17503043902771814,0.7161443536835057,0.28471570262419327,0.10321727038929297,0.4770554836441136,15.383415174184355,0.31308089337258965,0.08217052177146629,0.4809924364089966,0.14408912566991952,0.38628989458084106,0.08456044152097882,0.5620972795306511,0.00015821275463628515,27.44813360000262
166.0,0.4365787103639117,0.3854941717748131,1.5140732026525907,0.17509401888985718,0.7121338006108999,0.28703476009624346,0.10260018312706137,0.4775560606950484,15.442383964106721,0.31252206121600645,0.08218718789241931,0.4796883530086941,0.1431293051976424,0.38967832235189587,0.08363391318411198,0.5616031952624051,0.00015369239021810558,27.572021999993012
167.0,0.4318375861538308,0.38102877818580183,1.500877134501934,0.17441562383568712,0.7140410161976304,0.28692654613405466,0.10288008653892661,0.4772937522744233,15.42412792661655,0.3127931671322517,0.08206098499121489,0.4791840359016701,0.143496770125169,0.38778233528137207,0.08424166463456063,0.563190334248093,0.00014917202579992599,26.56775689999631
168.0,0.43816380402339355,0.3793486425919192,1.512330378804888,0.17509319706420814,0.7137556759906667,0.2862037057057023,0.10365252824699354,0.47624710370909495,15.376442195484474,0.3137027122689493,0.08315478982748808,0.4794418017069499,0.14516408626849836,0.3844936490058899,0.08380869199644844,0.563014417324426,0.00014465166138174642,27.65344009999535
169.0,0.4369926906323859,0.38287768113826004,1.5078928811209542,0.17468247077028667,0.7138395290821791,0.2873123185709119,0.10304283196071409,0.4788761498793116,15.41198308212952,0.31208334104070123,0.08239280404867949,0.4836534614916201,0.14472502011519212,0.387654946400569,0.08318675688977512,0.5635087355127875,0.00014013129696356687,28.549516500002937
170.0,0.44589901456077186,0.38898142826344284,1.5081292348248618,0.174708995302873,0.7087161743215152,0.2898092877918056,0.10351207721158394,0.4766016846182961,15.35897903922219,0.3134551962966439,0.08355885964852793,0.4774340832674945,0.14429252652021554,0.3882181736139151,0.08383076708271818,0.562469446434165,0.0001356109325453873,26.886454600011348
171.0,0.4326651184819639,0.38634602951684166,1.502064619745527,0.1743089472874999,0.7127712890505791,0.28840513886617763,0.10240459442138672,0.47752802027096536,15.495372076454403,0.3124382870752107,0.08154028433340567,0.48136220154938875,0.1437699794769287,0.3872437293712909,0.0830776702682927,0.5622023366532236,0.00013109056812720773,26.944133600001805
172.0,0.4365016172107841,0.38462590678994146,1.506061630057437,0.1737180783945535,0.7130675289247718,0.2883112866963659,0.10257499472900007,0.47700896952887,15.448245258451259,0.3127830126000651,0.0818911647355115,0.48050204912821454,0.143489631322714,0.38654846869982207,0.08350642222278523,0.5622037131831331,0.00012657020370902814,27.41490389998944
173.0,0.43527412567553775,0.38653202035597395,1.4954576172998972,0.17414066175531065,0.710950338148645,0.2894903736721192,0.10254431970464359,0.4768491780982827,15.459792802918631,0.3128475708031805,0.08152879057107149,0.4816141570055926,0.14387391393001264,0.3860571292730478,0.08340657094739518,0.5610733122195838,0.00012204983929084857,26.585155799999484
174.0,0.43019137165642213,0.38186973160398857,1.4967770310384887,0.17417160341782228,0.71331337839365,0.28748327267489265,0.1021787775387554,0.4780183588183901,15.495579557598761,0.3120802093601826,0.08132252759403652,0.482063130096153,0.14344391685265762,0.3873597796146686,0.08294198985369701,0.5628453290687417,0.00011752947487266898,27.828050600001006
175.0,0.43906863585912753,0.3851169617846608,1.4952336294310433,0.17377600759001716,0.7100340221077204,0.28945973462292124,0.1030083437385799,0.4769948263588192,15.429473493084219,0.31300675868988037,0.08215598927603827,0.4810154438018799,0.14488040942412156,0.3845946376140301,0.08317210764255163,0.5635550966802633,0.0001130091104544894,27.33424950001063
176.0,0.4325442207045853,0.38317066125039545,1.493064284324646,0.17372005033705915,0.7123745972556728,0.2882158048450947,0.10238921867226655,0.47836968283983144,15.472409230358195,0.3120097679162176,0.08134873708089192,0.4826379219690959,0.14354195732336777,0.388149055150839,0.08345041972286296,0.5625392895824505,0.00010848874603630982,27.2219996000058
177.0,0.4260289827361703,0.38173928910068106,1.4931435616953033,0.1730829438726817,0.7141705663608653,0.2868615145395909,0.10297574637071141,0.47634106162209183,15.445714602680326,0.3133173423743098,0.08199660976727803,0.48122279732315626,0.14475561793033892,0.3845394482979408,0.08335914027016118,0.5614367431064822,0.00010396838161813024,27.713998599996557
178.0,0.4323336534601237,0.38193428702652454,1.4933514158640588,0.17319562851584383,0.7115021236240864,0.2879273985911693,0.10339084661231851,0.47623026745874175,15.400719024850138,0.3135802895767884,0.08229382060192249,0.48246864036277487,0.14523839950561523,0.38182456218279326,0.0838279589167181,0.5624985874823805,9.944801719995067e-05,26.960358900003484
179.0,0.4414277034146445,0.38540558157754795,1.4746204178248132,0.17288376929770624,0.7093232055859906,0.29017883712159737,0.10263259605791583,0.47868716641791964,15.439377310890821,0.3119727148199981,0.08160847315081844,0.4828449178625036,0.14395513442846444,0.38782063814309925,0.08351053044481098,0.563603050303909,9.492765278177108e-05,26.431991700010258
180.0,0.4281014380976558,0.3859721762793405,1.4826460416827882,0.1730367883906833,0.713561546589647,0.2906580362468958,0.10249137428571593,0.47824745058263624,15.49096410979265,0.3121219618515399,0.08183040883806017,0.48257340325249565,0.14362558722496033,0.3877779474625221,0.08318408480230367,0.562602421022811,9.04072883635915e-05,25.50304640000104
181.0,0.4327395800501108,0.38092661569161074,1.4719946905970573,0.1728684843650886,0.7110892007393497,0.288118604171489,0.1025998592376709,0.4774049483005356,15.470719823297465,0.31259745546856765,0.08169213710007844,0.481556737864459,0.14398743556096003,0.38588751279390776,0.0832953857925703,0.5629655190233914,8.588692394541192e-05,26.230256900002132
182.0,0.44199799307222876,0.3819610899580376,1.4797557390161924,0.17249129193701915,0.7095478299473014,0.28769525699317455,0.10270965474206696,0.47892018684051324,15.455658534787736,0.3118947339507768,0.0820905433760749,0.48265554286815504,0.1436682824905102,0.38829511404037476,0.0835319791200026,0.5640294956711104,8.136655952723239e-05,26.542036600003485
183.0,0.4198003890258925,0.378330083830016,1.495223523250648,0.17262342432513833,0.7177873024983066,0.2861045519156115,0.10272026062011719,0.4789683383965642,15.433019098245873,0.3118759611117765,0.08179229056393658,0.4829397024931731,0.14385119309792152,0.38799478916021496,0.08368821751396611,0.5641790965818009,7.68461951090528e-05,26.8185061999975
184.0,0.4220166602837188,0.374970124236175,1.4750603916389602,0.17264874904815639,0.7159877549856901,0.28569477796554565,0.10302904716827585,0.4785978689133746,15.407670890760121,0.3122155891274507,0.08239507233655011,0.48232412338256836,0.14402864988033587,0.38887182107338536,0.083826315852831,0.5628344607803056,7.232583069087323e-05,27.144037300007767
185.0,0.43311574196975144,0.3783229042642883,1.466242979679789,0.1727145021515233,0.7107475461172206,0.28768748736807276,0.10301560275959519,0.47891223955454315,15.39663082098811,0.31205168160252605,0.08231383010193154,0.4825212293201023,0.1440977522960076,0.38845054461405826,0.08380096925879424,0.5639900891286023,6.780546627269365e-05,26.516629199992167
186.0,0.4278369217312762,0.3804144880601338,1.4695256405643053,0.17220684134268335,0.7128100975283554,0.28847967607102226,0.10282972923614694,0.4778675643153161,15.448158504078224,0.31248108246041545,0.08176686587157073,0.4822909743697555,0.1443043305323674,0.3871272481404818,0.08359794684176175,0.5623889689175587,6.328510185451407e-05,27.26004580000881
187.0,0.42990098454590353,0.3768980311495917,1.4724674224853516,0.17214975905205523,0.7124297884958131,0.28716555264379295,0.10323158300147867,0.47620614969505454,15.394198243722975,0.3135127166532121,0.08246462654184412,0.479113949669732,0.14434269070625305,0.3870809765962454,0.08405493677787061,0.5606870471306566,5.876473743633449e-05,24.73750829999335
188.0,0.4296690193670137,0.3815382083079645,1.4546884756003107,0.1721305110092674,0.7124047119702611,0.2904369378728526,0.10276186541191437,0.4783023438363705,15.42452388739436,0.3122297607877719,0.08209745309970996,0.4820831086900499,0.14414053696852464,0.38809959705059344,0.08321823938837591,0.5629510609608777,5.424437301815491e-05,26.75201019999804
189.0,0.4297342184664948,0.3821727197085108,1.4511533241186823,0.17187049046957067,0.7111311041350875,0.29087064268865753,0.1022223451602384,0.47902890571258355,15.48003939262726,0.3115967197238274,0.08152715585849903,0.4826974162348994,0.14344557432027963,0.3884458587719844,0.08286258409608085,0.5641650883656628,4.972400859997533e-05,26.708925600003568
190.0,0.4222914422197001,0.3697364991530776,1.470745817891189,0.1719651316691722,0.7159663247210639,0.2837905501946807,0.10315309680482876,0.47706083381700815,15.40973533774322,0.3130461314939103,0.08252556787596808,0.4804213488543475,0.1442194672731253,0.3870938695394076,0.08387828210614762,0.5619063737257471,4.520364418179575e-05,26.027000099988072
191.0,0.4249713855263378,0.37878679377692087,1.4597673288413457,0.1718842975928315,0.7132717464119196,0.28853065773312536,0.10288295206033958,0.477342167740348,15.43373808470912,0.3127703921599958,0.08215971677391617,0.4815647116413823,0.14429679971474868,0.38651918447934663,0.08336473523445849,0.5621492817716779,4.0683279763616173e-05,25.609395899999072
192.0,0.4293973380699754,0.37913992082966225,1.4558792524039745,0.1717913313768804,0.7117381622748715,0.2887832804449967,0.10280751132365293,0.4775928221408676,15.433553059895834,0.31260734459139267,0.08225858211517334,0.4800778759850396,0.1442060539355645,0.387619843849769,0.08312672039247909,0.5633362644123581,3.616291534543659e-05,25.816681699987384
193.0,0.4326905319467187,0.3840666892273085,1.4420108390705926,0.17201737766819342,0.7095818434442792,0.29217911551573444,0.10242414774384888,0.4790920041642099,15.459918711920205,0.3116660717898195,0.08194937087871411,0.4820769848646941,0.14336209343029901,0.3894014908717229,0.0831197016644028,0.564048965022249,3.164255092725701e-05,28.098262400002568
194.0,0.4248596743813583,0.3740609499758908,1.4563137622816222,0.17131187560568964,0.7135106213390827,0.28659517291401115,0.10288318448096702,0.47796167217710483,15.431328155709513,0.3124607561519311,0.08211272071909022,0.4817727406819661,0.14418505705319917,0.3872571954360375,0.08352295745093867,0.5630718177219607,2.7122186509077482e-05,27.231610699993325
195.0,0.4357572827222092,0.38368447457573246,1.441861623099872,0.17137969232031278,0.7085395492613316,0.29122631730777876,0.10273575182980711,0.4781406030714887,15.436257224412834,0.31229757437915917,0.08182818359798855,0.48148928306720873,0.14417370236836946,0.3876434106093187,0.08338169219358912,0.5635184881822118,2.2601822090897902e-05,26.594591100001708
196.0,0.42762426513114143,0.37443738364215406,1.4481321115578925,0.1713297194801271,0.7126323016626495,0.2877672144344875,0.10268754629219103,0.47842903856961233,15.44322828376818,0.3121292538612893,0.0819017677395432,0.48216043578253853,0.1440603847687061,0.38785303556002104,0.08327329046321365,0.5634942504594911,1.808145767271832e-05,26.728940600005444
197.0,0.42094527191615533,0.3748401471280626,1.4414091844643866,0.171257980567004,0.7129443883895874,0.28826600552669596,0.10266898113226741,0.478585459151358,15.444161085212755,0.3120417609904547,0.08189229722376223,0.4826268090142144,0.14391194857083833,0.3882339596748352,0.08337287183077831,0.5631145711215038,1.3561093254538741e-05,27.310788000002503
198.0,0.41600571625999044,0.3710675324712481,1.4583195405347007,0.17111854667642287,0.7171104795166424,0.2855352857815368,0.10286773525693882,0.4786181539859412,15.423850773265526,0.3121247906354988,0.08218496706750658,0.4823581995787444,0.1440029304761153,0.3886205874956571,0.08358168264604965,0.5631070766808852,9.04072883635916e-06,26.961503600003198
199.0,0.43102521130016874,0.3774269563811166,1.4323923939040728,0.17157219988959177,0.7099432780274323,0.28996320547802107,0.1027018184182029,0.47818602555952733,15.441332355235359,0.31225789642933777,0.08196413958514179,0.48182729438499167,0.14392341100252593,0.3878479508253244,0.08338693065463372,0.5631096767929366,4.52036441817958e-06,26.401302800004487
200.0,0.4208911268838814,0.37178654676037176,1.447584340614932,0.17114055336319975,0.7133231636668954,0.2861319035291672,0.10278645701378396,0.47820118238341136,15.432792231721699,0.3122926373151863,0.082068489657508,0.48174486336884675,0.1439569775874798,0.38804278006920445,0.08350161786349315,0.5630479128855579,0.0,26.962640399986412
