epoch,train_loss,train_accuracy,val_loss,val_accuracy,val_macro_f1,objective,lr,epoch_time_s,train_class_min,train_class_max
1.0,0.46611513326997345,0.8434103260869565,0.17178846895694733,0.951766312122345,0.9518874498404991,0.04811255015950089,0.0003749219209521449,19.74857980001252,736.0,736.0
2.0,0.13061232686690663,0.9616168478260869,0.07115865498781204,0.9819973111152649,0.9820061846969815,0.017993815303018468,0.00037320652824174375,1.6681156000122428,736.0,736.0
3.0,0.06466050814513279,0.9802989130434783,0.04981038719415665,0.9864130616188049,0.9863998844906482,0.013600115509351807,0.0003703592938848972,1.6591196000226773,736.0,736.0
4.0,0.05002328078262508,0.9847146739130435,0.03714776411652565,0.98879075050354,0.9887833502726567,0.011216649727343264,0.00036639777202821677,1.7014799999888055,736.0,736.0
5.0,0.041048701715898576,0.9874320652173914,0.034298885613679886,0.98879075050354,0.9887838311647117,0.01121616883528831,0.0003613463867712885,1.7225680999981705,736.0,736.0
6.0,0.045925812669219856,0.9877717391304348,0.033225174993276596,0.9898098111152649,0.9897958877532639,0.010204112246736119,0.0003552362815839775,1.6966076999960933,736.0,736.0
7.0,0.032236111145365336,0.9898097826086957,0.026110224425792694,0.993546187877655,0.9935491052516116,0.006450894748388447,0.0003481051272965796,1.6960287000110839,736.0,736.0
8.0,0.02377048399269014,0.9932065217391305,0.03841354697942734,0.9881114363670349,0.9881157624994484,0.011884237500551564,0.00033999688984662614,1.7707339999906253,736.0,736.0
9.0,0.03466569829944764,0.9904891304347826,0.03407641127705574,0.9884510636329651,0.9884270673068012,0.011572932693198812,0.0003309615592142586,1.8671368999930564,736.0,736.0
10.0,0.02842573147348088,0.9911684782608695,0.023150263354182243,0.9921875,0.9921824048225143,0.007817595177485703,0.00032105484121737785,1.84562909998931,736.0,736.0
11.0,0.026261796625634735,0.9904891304347826,0.028496788814663887,0.9915081262588501,0.9915161563391147,0.008483843660885282,0.0003103378140667527,1.9265557999897283,736.0,736.0
12.0,0.024558896400064797,0.9911684782608695,0.028634242713451385,0.990828812122345,0.9908286985308472,0.009171301469152793,0.00029887655179853986,2.0168844000145327,736.0,736.0
13.0,0.03409511933442327,0.9894701086956522,0.03463337570428848,0.99048912525177,0.990488849505243,0.009511150494757037,0.00028674171690587936,2.040736100025242,736.0,736.0
14.0,0.022790096824199125,0.9938858695652174,0.03689434006810188,0.9870923757553101,0.9870889591396579,0.012911040860342116,0.00027400812468112654,2.032510499993805,736.0,736.0
15.0,0.026108473050914217,0.9901494565217391,0.021636171266436577,0.9932065010070801,0.9932063210751735,0.006793678924826518,0.0002607542819546961,2.0623841999913566,736.0,736.0
16.0,0.017400410058579164,0.9955842391304348,0.02184443362057209,0.993546187877655,0.9935461688454039,0.006453831154596079,0.00024706190307434645,2.0578170000226237,736.0,736.0
17.0,0.018397425713888166,0.9949048913043478,0.0238540917634964,0.992527186870575,0.9925286465257104,0.0074713534742896215,0.0002330154061090529,2.022000199998729,736.0,736.0
